Action,Date,Ad Title/Id,Page/App
Impression,2025/08/08,498937046,yahoo.com
Impression,2025/08/08,620475636,nypost.com
Impression,2025/08/08,695126224,yahoo.com
Impression,2025/08/08,714886684,yahoo.com
Impression,2025/08/08,727164716,yahoo.com
Impression,2025/08/08,729190624,yahoo.com
Impression,2025/08/08,797237316,nypost.com
Impression,2025/08/09,679467913,yahoo.com
Impression,2025/08/09,702708784,forbes.com
Impression,2025/08/09,702708824,forbes.com
Impression,2025/08/09,721509964,forbes.com
Impression,2025/08/09,729685544,Samsung TV Plus FREE
Impression,2025/08/09,802717046,eonline.com
Impression,2025/08/09,809334256,espn.com
Impression,2025/08/09,814273496,eonline.com
Impression,2025/08/11,627688746,Samsung TV Plus FREE
Impression,2025/08/11,661144594,nbcsports.com
Impression,2025/08/11,667184184,nbcsports.com
Impression,2025/08/11,667213514,nbcsports.com
Impression,2025/08/11,667213524,nbcsports.com
Impression,2025/08/11,694323954,Samsung TV Plus FREE
Impression,2025/08/11,714996874,Fortune
Impression,2025/08/11,727126946,theverge.com
Impression,2025/08/11,751976646,Fortune
Impression,2025/08/11,794342356,Samsung TV Plus FREE
Impression,2025/08/11,797215446,nbcsports.com
Impression,2025/08/12,647017293,Samsung TV Plus FREE
Impression,2025/08/12,647017293,The Roku Channel
Impression,2025/08/12,714907704,Samsung TV Plus FREE
Impression,2025/08/12,756922163,The Roku Channel
Impression,2025/08/12,802531206,The Roku Channel
Impression,2025/08/13,525630106,telegraph.co.uk
Impression,2025/08/13,661960093,The Roku Channel
Impression,2025/08/13,714886684,telegraph.co.uk
Impression,2025/08/13,717802084,Art Puzzle - Jigsaw Art Games
Impression,2025/08/13,727155226,telegraph.co.uk
Impression,2025/08/13,727181026,telegraph.co.uk
Impression,2025/08/13,755704626,telegraph.co.uk
Impression,2025/08/13,784003196,telegraph.co.uk
Impression,2025/08/13,784377336,The Roku Channel
Impression,2025/08/13,795381256,telegraph.co.uk
Impression,2025/08/13,809471076,techcrunch.com
Impression,2025/08/14,661960093,Samsung TV Plus FREE
Impression,2025/08/14,670013624,patch.com
Impression,2025/08/14,695126224,patch.com
Impression,2025/08/14,715775516,sfchronicle.com
Impression,2025/08/14,822434876,Sovrn_Display_xAPI
Impression,2025/08/14,823764746,techcrunch.com
Impression,2025/08/14,829989866,techcrunch.com
Click,2025/08/15,533509076,Art Puzzle - Jigsaw Art Games
Impression,2025/08/15,277461043,Number Match - Number Games
Impression,2025/08/15,533509076,Art Puzzle - Jigsaw Art Games
Impression,2025/08/15,662286453,Art Puzzle - Jigsaw Art Games
Impression,2025/08/15,685509794,Art Puzzle - Jigsaw Art Games
Impression,2025/08/15,695126224,reuters.com
Impression,2025/08/15,708498093,Number Match - Number Games
Impression,2025/08/15,708994853,op.gg
Impression,2025/08/15,712361304,theverge.com
Impression,2025/08/15,719578953,op.gg
Impression,2025/08/15,722356223,AppLock PRO
Impression,2025/08/15,733472274,Art Puzzle - Jigsaw Art Games
Impression,2025/08/15,733472274,Number Match - Number Games
Impression,2025/08/15,743990386,reuters.com
Impression,2025/08/15,746719263,Number Match - Number Games
Impression,2025/08/15,752380453,Art Puzzle - Jigsaw Art Games
Impression,2025/08/15,752380453,Number Match - Number Games
Impression,2025/08/15,757128183,Number Match - Number Games
Impression,2025/08/15,760184733,Art Puzzle - Jigsaw Art Games
Impression,2025/08/15,809471046,Art Puzzle - Jigsaw Art Games
Impression,2025/08/15,816323506,Art Puzzle - Jigsaw Art Games
Impression,2025/08/15,819442366,op.gg
Impression,2025/08/15,825093376,Wattpad - Read & Write Stories
Impression,2025/08/15,830253096,Art Puzzle - Jigsaw Art Games
Impression,2025/08/15,830253096,Number Match - Number Games
Impression,2025/08/16,712400944,detroitnews.com
Impression,2025/08/16,760600163,detroitnews.com
Impression,2025/08/16,831653616,Sudoku.com
Impression,2025/08/16,831653616,detroitnews.com
Impression,2025/08/17,233532133,businessinsider.com
Impression,2025/08/17,328870166,businessinsider.com
Impression,2025/08/17,745135483,businessinsider.com
Impression,2025/08/17,760358593,dailymail.co.uk
Impression,2025/08/18,519005316,reuters.com
Impression,2025/08/18,727137196,reuters.com
Impression,2025/08/18,751985536,reuters.com
Impression,2025/08/19,585295874,freep.com
Impression,2025/08/19,634369686,cnbc.com
Impression,2025/08/19,711864903,yahoo.com
Impression,2025/08/19,721449564,forbes.com
Impression,2025/08/19,733624644,cnbc.com
Impression,2025/08/19,746287703,yahoo.com
Impression,2025/08/19,770182073,freep.com
Impression,2025/08/19,797284176,yahoo.com
Impression,2025/08/20,729685544,WatchFree+
Impression,2025/08/20,768019673,WatchFree+
Impression,2025/08/20,768089433,WatchFree+
Impression,2025/08/20,768100473,WatchFree+
Impression,2025/08/20,768130063,WatchFree+
Impression,2025/08/20,831653616,venturebeat.com
Impression,2025/08/21,548732166,recipetineats.com
Impression,2025/08/21,768110123,Samsung TV Plus FREE
Impression,2025/08/21,831682386,Samsung TV Plus FREE
Impression,2025/08/22,620475636,thehill.com
Impression,2025/08/22,624991106,Samsung TV Plus FREE
Impression,2025/08/22,702721154,RON Production
Impression,2025/08/22,715775516,finance.yahoo.com
Impression,2025/08/22,715775556,finance.yahoo.com
Impression,2025/08/22,719578953,RON Production
Impression,2025/08/22,719603993,Samsung TV Plus FREE
Impression,2025/08/22,721500414,RON Production
Impression,2025/08/22,731804206,newsweek.com
Impression,2025/08/22,733430374,RON Production
Impression,2025/08/22,797205956,thehill.com
Impression,2025/08/22,800137106,Samsung TV Plus FREE
Impression,2025/08/22,802487216,Samsung TV Plus FREE
Impression,2025/08/22,809471046,newsweek.com
Impression,2025/08/23,797243446,freep.com
Impression,2025/08/23,835753876,nypost.com
Impression,2025/08/24,714907704,Samsung TV Plus FREE
Impression,2025/08/24,784377336,Samsung TV Plus FREE
Impression,2025/08/24,800145236,Samsung TV Plus FREE
Impression,2025/08/24,831682386,Samsung TV Plus FREE
Impression,2025/08/25,746213893,forbes.com
Impression,2025/08/25,760267333,forbes.com
Impression,2025/08/25,825024866,forbes.com
Impression,2025/08/26,756888313,Samsung TV Plus FREE
Impression,2025/08/27,733624644,RON Production
Impression,2025/08/27,755704616,telegraph.co.uk
Impression,2025/08/27,760317033,espn.com
Impression,2025/08/27,797407966,decider.com
Impression,2025/08/27,838028896,decider.com
Impression,2025/08/27,838533256,nypost.com
Impression,2025/08/28,695126224,foxnews.com
Impression,2025/08/28,708994853,nypost.com
Impression,2025/08/28,713031524,nypost.com
Impression,2025/08/28,729964074,espn.com
Impression,2025/08/28,751976596,nypost.com
Impression,2025/08/28,768100473,FuboTV
Impression,2025/08/28,784427396,foxnews.com
Impression,2025/08/28,797284176,espn.com
Impression,2025/08/28,797358886,foxnews.com
Impression,2025/08/28,798784476,nypost.com
Impression,2025/08/28,809455726,foxnews.com
Impression,2025/08/28,838533256,foxnews.com
Impression,2025/08/29,676272504,espn.com
Impression,2025/08/29,719578953,espn.com
Impression,2025/08/29,727044526,Samsung TV Plus FREE
Impression,2025/08/29,729976134,Samsung TV Plus FREE
Impression,2025/08/29,733383604,news.com.au
Impression,2025/08/29,749637106,espn.com
Impression,2025/08/29,751976786,aljazeera.com
Impression,2025/08/29,760268443,news.com.au
Impression,2025/08/29,802487216,Samsung TV Plus FREE
Impression,2025/08/29,802540736,Samsung TV Plus FREE
Impression,2025/08/29,835597666,ndtv.com
Impression,2025/08/29,835597666,news.com.au
Impression,2025/08/29,838533256,aljazeera.com
Impression,2025/08/29,838533256,collider.com
Impression,2025/08/29,838533256,espn.com
Impression,2025/08/29,838533256,ndtv.com
Impression,2025/08/30,838521226,yahoo.com
Impression,2025/08/30,838533256,yahoo.com
Impression,2025/08/31,709316986,mashable.com
Impression,2025/08/31,719790793,mashable.com
Impression,2025/08/31,838533256,yahoo.com
Impression,2025/09/01,714907704,The Roku Channel
Impression,2025/09/01,729676214,WatchFree+
Impression,2025/09/01,729685544,WatchFree+
Impression,2025/09/01,837523456,usmagazine.com
Impression,2025/09/02,742951064,msn.com
Impression,2025/09/03,721500414,espn.com
Impression,2025/09/03,831176766,Samsung TV Plus FREE
Impression,2025/09/04,711530023,gimmesomeoven.com
Impression,2025/09/04,755704636,techcrunch.com
Impression,2025/09/04,813499783,gimmesomeoven.com
Impression,2025/09/04,842822216,gimmesomeoven.com
Impression,2025/09/06,714860154,dinneratthezoo.com
Impression,2025/09/06,768100473,OneFOX
Impression,2025/09/07,661946653,Samsung TV Plus FREE
Impression,2025/09/09,679531033,nypost.com
Impression,2025/09/09,702708824,espn.com
Impression,2025/09/09,733383604,nypost.com
Impression,2025/09/09,733624644,espn.com
Impression,2025/09/09,747347064,newsweek.com
Impression,2025/09/09,747765874,pcgamer.com
Impression,2025/09/09,760268423,pcgamer.com
Impression,2025/09/09,768019673,Samsung TV Plus FREE
Impression,2025/09/09,768100473,Samsung TV Plus FREE
Impression,2025/09/09,783993386,Sudoku.com
Impression,2025/09/09,794315646,Samsung TV Plus FREE
Impression,2025/09/09,794315646,g15147002586
Impression,2025/09/09,815209763,Samsung TV Plus FREE
Impression,2025/09/09,815319963,Samsung TV Plus FREE
Impression,2025/09/09,815339903,Samsung TV Plus FREE
Impression,2025/09/09,835597666,pcgamer.com
Impression,2025/09/09,858420966,nypost.com
Impression,2025/09/09,858480396,pcgamer.com
Impression,2025/09/09,858580106,espn.com
Impression,2025/09/09,858609966,espn.com
Impression,2025/09/09,858610216,pcgamer.com
Impression,2025/09/09,861755366,dictionary.com
Impression,2025/09/10,749637106,awfulannouncing.com
Impression,2025/09/10,752011916,reuters.com
Impression,2025/09/11,701252913,Tubi - Free Movies & TV
Impression,2025/09/11,733815404,ca.finance.yahoo.com
Impression,2025/09/11,742661104,wsj.com
Impression,2025/09/11,747763884,livescience.com
Impression,2025/09/11,749618296,nypost.com
Impression,2025/09/11,751976786,nypost.com
Impression,2025/09/11,752004276,wsj.com
Impression,2025/09/11,770905063,livescience.com
Impression,2025/09/11,797237236,nypost.com
Impression,2025/09/12,721470914,awfulannouncing.com
Impression,2025/09/12,797196456,dailymail.co.uk
Impression,2025/09/13,695126224,eatthis.com
Impression,2025/09/13,715814286,msn.com
Impression,2025/09/13,733430374,eatthis.com
Impression,2025/09/14,648442916,reuters.com
Impression,2025/09/14,750958884,detroitnews.com
Impression,2025/09/14,768089433,Tubi - Free Movies & TV
Impression,2025/09/14,813499783,eatthis.com
Impression,2025/09/14,856828246,detroitnews.com
Impression,2025/09/14,856828246,espn.com
Impression,2025/09/14,856836636,detroitnews.com
Impression,2025/09/14,856836636,espn.com
Impression,2025/09/15,758791424,nypost.com
Impression,2025/09/15,776042633,nypost.com
Impression,2025/09/15,776105433,nypost.com
Impression,2025/09/15,797405656,screenrant.com
Impression,2025/09/15,836538793,cbssports.com
Impression,2025/09/15,856809616,cbssports.com
Impression,2025/09/15,871029156,nypost.com
Impression,2025/09/16,750468294,ca.news.yahoo.com
Impression,2025/09/16,797420866,bleacherreport.com
Impression,2025/09/16,813499783,bleacherreport.com
Impression,2025/09/16,853475326,bleacherreport.com
Impression,2025/09/16,864326066,bleacherreport.com
Impression,2025/09/17,742651334,oilprice.com
Impression,2025/09/17,750468284,nypost.com
Impression,2025/09/17,750468294,oilprice.com
Impression,2025/09/17,760268443,nypost.com
Impression,2025/09/17,856884236,oilprice.com
Impression,2025/09/17,858530276,nypost.com
Impression,2025/09/17,858580226,telegraph.co.uk
Impression,2025/09/18,745407213,mail.yahoo.com
Impression,2025/09/18,768089433,Samsung TV Plus FREE
Impression,2025/09/18,768110123,Samsung TV Plus FREE
Impression,2025/09/18,815339903,Tubi - Free Movies & TV
Impression,2025/09/18,856701736,Samsung TV Plus FREE
Impression,2025/09/19,768110123,Tubi - Free Movies & TV
Impression,2025/09/19,815280293,Tubi - Free Movies & TV
Impression,2025/09/19,815319953,Tubi - Free Movies & TV
Impression,2025/09/19,838264896,Tubi - Free Movies & TV
Impression,2025/09/20,559220546,reuters.com
Impression,2025/09/20,630772584,reuters.com
Impression,2025/09/20,800756546,reuters.com
Impression,2025/09/20,800809936,reuters.com
Impression,2025/09/20,874042746,awfulannouncing.com
Impression,2025/09/21,858550176,cbssports.com
Impression,2025/09/22,694323954,Samsung TV Plus FREE
Impression,2025/09/22,729685544,Samsung TV Plus FREE
Impression,2025/09/22,733430374,techcrunch.com
Impression,2025/09/22,820449953,Samsung TV Plus FREE
Impression,2025/09/22,856828246,nypost.com
Impression,2025/09/22,858480436,techcrunch.com
Impression,2025/09/22,873974446,nypost.com
Impression,2025/09/22,879878906,marthastewart.com
Impression,2025/09/22,879926106,marthastewart.com
Impression,2025/09/22,879955756,marthastewart.com
Impression,2025/09/23,848670903,Samsung TV Plus FREE
Impression,2025/09/23,856836636,awfulannouncing.com
Impression,2025/09/23,856874886,accuweather.com
Impression,2025/09/23,858430836,awfulannouncing.com
Impression,2025/09/23,864339966,awfulannouncing.com
Impression,2025/09/24,558166306,AP news
Impression,2025/09/24,559220546,AP news
Impression,2025/09/24,732605496,nypost.com
Impression,2025/09/24,733430374,AP news
Impression,2025/09/24,771722424,yahoo.com
Impression,2025/09/24,862139126,AP news
Impression,2025/09/24,864257606,nypost.com
Impression,2025/09/24,881578566,AP news
Impression,2025/09/24,885228486,yahoo.com
Impression,2025/09/25,709316996,tomshardware.com
Impression,2025/09/25,870897986,Philo
Impression,2025/09/26,679482503,thesaurus.com
Impression,2025/09/26,686075554,thesaurus.com
Impression,2025/09/26,702708784,thesaurus.com
Impression,2025/09/26,721449564,thesaurus.com
Impression,2025/09/26,747793234,AP news
Impression,2025/09/26,750468284,espn.com
Impression,2025/09/26,750468284,latimes.com
Impression,2025/09/26,771259104,thesaurus.com
Impression,2025/09/26,815280293,Samsung TV Plus FREE
Impression,2025/09/26,815319963,Samsung TV Plus FREE
Impression,2025/09/26,815339903,Samsung TV Plus FREE
Impression,2025/09/26,815339903,g15147002586
Impression,2025/09/26,848621213,Samsung TV Plus FREE
Impression,2025/09/26,848790943,Samsung TV Plus FREE
Impression,2025/09/26,858411106,thesaurus.com
Impression,2025/09/26,858530276,espn.com
Impression,2025/09/26,870827206,thesaurus.com
Impression,2025/09/26,877747156,AP news
Impression,2025/09/27,767108094,espn.com
Impression,2025/09/27,870948086,g15147002586
Impression,2025/09/28,729964074,espn.com
Impression,2025/09/29,635650034,celebritynetworth.com
Impression,2025/09/29,722548303,celebritynetworth.com
Impression,2025/09/29,737323204,huffpost.com
Impression,2025/09/29,750468284,espn.com
Impression,2025/09/29,750468294,espn.com
Impression,2025/09/29,767108094,celebritynetworth.com
Impression,2025/09/29,771917584,yahoo.com
Impression,2025/09/29,797207166,espn.com
Impression,2025/09/29,797208126,espn.com
Impression,2025/09/29,797237846,espn.com
Impression,2025/09/29,797237856,espn.com
Impression,2025/09/29,856846636,espn.com
Impression,2025/09/29,856846656,espn.com
Impression,2025/09/29,873974446,espn.com
Impression,2025/09/29,874042746,espn.com
Impression,2025/09/29,875676546,celebritynetworth.com
Impression,2025/09/30,848670903,Samsung TV Plus FREE
Impression,2025/10/01,558166306,theguardian.com
Impression,2025/10/01,559220546,allrecipes.com
Impression,2025/10/01,733430374,webmd.com
Impression,2025/10/01,851946753,forbes.com
Impression,2025/10/01,856893706,forbes.com
Impression,2025/10/01,858550176,forbes.com
Impression,2025/10/01,879879256,TuneIn Radio: Music & Sports
Impression,2025/10/02,713879273,ca.news.yahoo.com
Impression,2025/10/02,771748674,ca.news.yahoo.com
Impression,2025/10/02,797407966,techcrunch.com
Impression,2025/10/02,826299164,techcrunch.com
Impression,2025/10/02,839252814,espn.com
Impression,2025/10/02,858580206,techcrunch.com
Impression,2025/10/02,858649836,espn.com
Impression,2025/10/02,860834093,ca.news.yahoo.com
Impression,2025/10/02,862178086,techcrunch.com
Impression,2025/10/02,862178236,techcrunch.com
Impression,2025/10/02,889339106,techcrunch.com
Impression,2025/10/03,663447293,Samsung TV Plus FREE
Impression,2025/10/03,694323954,Samsung TV Plus FREE
Impression,2025/10/03,733792474,Samsung TV Plus FREE
Impression,2025/10/03,733822014,Samsung TV Plus FREE
Impression,2025/10/03,767154534,Samsung TV Plus FREE
Impression,2025/10/03,767174574,Samsung TV Plus FREE
Impression,2025/10/03,820392143,Samsung TV Plus FREE
Impression,2025/10/03,826924004,yahoo.com
Impression,2025/10/03,832614096,Samsung TV Plus FREE
Impression,2025/10/03,832642966,Samsung TV Plus FREE
Impression,2025/10/03,838138806,Samsung TV Plus FREE
Impression,2025/10/03,848621213,Samsung TV Plus FREE
Impression,2025/10/03,848790943,Samsung TV Plus FREE
Impression,2025/10/03,858324676,Samsung TV Plus FREE
Impression,2025/10/03,858480396,mail.yahoo.com
Impression,2025/10/04,544966333,TuneIn Radio: Music & Sports
Impression,2025/10/04,630772584,thelist.com
Impression,2025/10/04,648442916,thelist.com
Impression,2025/10/04,755697256,thelist.com
Impression,2025/10/04,768019673,Samsung TV Plus FREE
Impression,2025/10/04,848621213,Samsung TV Plus FREE
Impression,2025/10/04,858480396,thelist.com
Impression,2025/10/04,858480436,thelist.com
Impression,2025/10/04,858589946,thelist.com
Impression,2025/10/04,890148266,thelist.com
Impression,2025/10/06,756888323,Samsung TV Plus FREE
Impression,2025/10/07,544306283,Samsung TV Plus FREE
Impression,2025/10/07,750313144,Samsung TV Plus FREE
Impression,2025/10/07,754721686,Samsung TV Plus FREE
Impression,2025/10/07,820319653,Samsung TV Plus FREE
Impression,2025/10/07,836603403,jpost.com
Impression,2025/10/07,852141303,Samsung TV Plus FREE
Impression,2025/10/07,873914946,thehill.com
Impression,2025/10/07,874071996,sfgate.com
Impression,2025/10/08,854226303,telegraph.co.uk
Impression,2025/10/09,826923054,msn.com
Impression,2025/10/09,826924004,msn.com
Impression,2025/10/09,849319464,msn.com
Impression,2025/10/09,879879256,msn.com
Impression,2025/10/10,733815384,moneywise.com
Impression,2025/10/10,733815394,moneywise.com
Impression,2025/10/10,742671114,moneywise.com
Impression,2025/10/10,856874886,Fortune
Impression,2025/10/10,867154383,moneywise.com
Impression,2025/10/11,750651614,Sovrn_Display_xAPI
Impression,2025/10/11,848670903,Samsung TV Plus FREE
Impression,2025/10/11,858460456,cbsnews.com
Impression,2025/10/11,908151726,Samsung TV Plus FREE
Impression,2025/10/12,630772584,moneywise.com
Impression,2025/10/12,776577854,freep.com
Impression,2025/10/12,856864976,variety.com
Impression,2025/10/12,858540286,variety.com
Impression,2025/10/13,648398616,cbssports.com
Impression,2025/10/13,826892684,telegraph.co.uk
Impression,2025/10/13,839252814,cbssports.com
Impression,2025/10/13,849319464,tastesbetterfromscratch.com
Impression,2025/10/13,858530276,telegraph.co.uk
Impression,2025/10/13,892735466,Samsung TV Plus FREE
Impression,2025/10/14,544929443,techcrunch.com
Impression,2025/10/14,776577854,freep.com
Impression,2025/10/14,856874886,usatoday.com
Impression,2025/10/14,856884186,freep.com
Impression,2025/10/14,858480396,usatoday.com
Impression,2025/10/14,879879256,suggest.com
Impression,2025/10/14,889339106,suggest.com
Impression,2025/10/14,889339106,techcrunch.com
Impression,2025/10/14,891397086,techcrunch.com
Impression,2025/10/15,721910804,yahoo.com
Impression,2025/10/15,752004306,Stampen
Impression,2025/10/15,776577854,independent.co.uk
Impression,2025/10/15,826923054,Stampen
Impression,2025/10/15,854226303,Stampen
Impression,2025/10/15,854325633,Stampen
Impression,2025/10/15,854405123,yahoo.com
Impression,2025/10/15,855978674,yahoo.com
Impression,2025/10/15,856100954,yahoo.com
Impression,2025/10/15,856160754,Stampen
Impression,2025/10/15,856828246,espn.com
Impression,2025/10/15,856874886,collider.com
Impression,2025/10/15,858530106,independent.co.uk
Impression,2025/10/15,873877006,collider.com
Impression,2025/10/15,873914946,collider.com
Impression,2025/10/15,874071996,collider.com
Impression,2025/10/16,630772584,msn.com
Impression,2025/10/16,721835984,Stampen
Impression,2025/10/16,860883533,Stampen
Impression,2025/10/16,889736136,Samsung TV Plus FREE
Impression,2025/10/16,892406296,bbc.com
Impression,2025/10/16,892735466,Samsung TV Plus FREE
Impression,2025/10/16,905431396,Samsung TV Plus FREE
Impression,2025/10/16,908151726,Samsung TV Plus FREE
Impression,2025/10/16,908559846,Samsung TV Plus FREE
Impression,2025/10/17,648398686,runnersworld.com
Impression,2025/10/17,755711666,freep.com
Impression,2025/10/17,879879256,yahoo.com
Impression,2025/10/17,922270516,Samsung TV Plus FREE
Impression,2025/10/18,742661104,thestreet.com
Impression,2025/10/18,867154383,thestreet.com
Impression,2025/10/18,908151726,Samsung TV Plus FREE
Impression,2025/10/19,839706134,freep.com
Impression,2025/10/19,849246384,zillow.com
Impression,2025/10/20,797470116,ca.news.yahoo.com
Impression,2025/10/20,826923054,ca.news.yahoo.com
Impression,2025/10/20,827030284,ca.news.yahoo.com
Impression,2025/10/20,839252814,espn.com
Impression,2025/10/21,856846626,jalopnik.com
Impression,2025/10/21,856884186,theguardian.com
Impression,2025/10/21,856893706,huffpost.com
Impression,2025/10/21,879134833,yahoo.com
Impression,2025/10/21,925471826,upworthy.com
Impression,2025/10/22,544957983,huffpost.com
Impression,2025/10/22,737294024,huffpost.com
Impression,2025/10/22,840175634,huffpost.com
Impression,2025/10/22,856828326,huffpost.com
Impression,2025/10/22,856846636,huffpost.com
Impression,2025/10/22,856884186,huffpost.com
Impression,2025/10/22,869807174,buzzfeed.com
Impression,2025/10/22,874071996,huffpost.com
Impression,2025/10/22,889339106,yahoo.com
Impression,2025/10/22,923626566,huffpost.com
Impression,2025/10/22,925356926,huffpost.com
Impression,2025/10/22,925461906,huffpost.com
Impression,2025/10/22,925471826,huffpost.com
Impression,2025/10/22,930354076,buzzfeed.com
Impression,2025/10/23,839444404,mail.yahoo.com
Impression,2025/10/23,855978674,yahoo.com
Impression,2025/10/23,858580206,thegamer.com
Impression,2025/10/23,867154383,ca.finance.yahoo.com
Impression,2025/10/23,878737633,decider.com
Impression,2025/10/23,907979736,forbes.com
Impression,2025/10/24,870038674,buzzfeed.com
Impression,2025/10/24,870138364,freep.com
Impression,2025/10/24,870138364,yahoo.com
Impression,2025/10/24,879879256,freep.com
Impression,2025/10/24,928663826,yahoo.com
Impression,2025/10/25,734149274,newsweek.com
Impression,2025/10/25,742661104,finance.yahoo.com
Impression,2025/10/25,858520226,huffpost.com
Impression,2025/10/25,858560086,huffpost.com
Impression,2025/10/25,858580226,yahoo.com
Impression,2025/10/25,869863284,Sudoku.com
Impression,2025/10/26,709316996,mail.yahoo.com
Impression,2025/10/26,878816903,Samsung TV Plus FREE
Impression,2025/10/26,899684746,yahoo.com
Impression,2025/10/26,935894936,yahoo.com
Impression,2025/10/27,727172936,espn.com
Impression,2025/10/27,751976596,yahoo.com
Impression,2025/10/27,797207166,espn.com
Impression,2025/10/27,855978674,yahoo.com
Impression,2025/10/27,858440576,yahoo.com
Impression,2025/10/27,870057894,yahoo.com
Impression,2025/10/27,898456296,espn.com
Impression,2025/10/27,908151726,Samsung TV Plus FREE
Impression,2025/10/27,922299776,Samsung TV Plus FREE
Impression,2025/10/27,928633716,yahoo.com
Impression,2025/10/27,935787806,skinnytaste.com
Impression,2025/10/28,827030284,yahoo.com
Impression,2025/10/28,827076454,jalopnik.com
Impression,2025/10/28,835524556,Samsung TV Plus FREE
Impression,2025/10/28,860834093,yahoo.com
Impression,2025/10/28,870000154,techcrunch.com
Impression,2025/10/28,889736136,Samsung TV Plus FREE
Impression,2025/10/28,892735456,Samsung TV Plus FREE
Impression,2025/10/28,902136473,Samsung TV Plus FREE
Impression,2025/10/28,904265973,jalopnik.com
Impression,2025/10/28,905323676,Samsung TV Plus FREE
Impression,2025/10/28,905431396,Samsung TV Plus FREE
Impression,2025/10/28,914373163,techcrunch.com
Impression,2025/10/28,922072436,Samsung TV Plus FREE
Impression,2025/10/28,925516096,jalopnik.com
Impression,2025/10/28,938134456,Samsung TV Plus FREE
Impression,2025/10/29,904517233,techcrunch.com
Impression,2025/10/29,925356836,techcrunch.com
Impression,2025/10/30,826923054,techcrunch.com
Impression,2025/10/30,856893686,nbcnews.com
Impression,2025/10/30,856893706,nbcnews.com
Impression,2025/10/30,860834093,techcrunch.com
Impression,2025/10/30,870000154,techcrunch.com
Impression,2025/10/30,878816903,Samsung TV Plus FREE
Impression,2025/10/30,879879256,yahoo.com
Impression,2025/10/30,889339106,yahoo.com
Impression,2025/10/30,905460066,Samsung TV Plus FREE
Impression,2025/10/30,908765206,nbcnews.com
Impression,2025/10/30,925356836,nbcnews.com
Impression,2025/10/30,925516096,nbcnews.com
Impression,2025/10/31,867144673,thestreet.com
Impression,2025/10/31,867154383,thestreet.com
Impression,2025/10/31,873914946,merriam-webster.com
Impression,2025/10/31,873914946,thestreet.com
Impression,2025/10/31,908765206,thestreet.com
Impression,2025/10/31,914566133,merriam-webster.com
Impression,2025/10/31,921236396,Sudoku.com
Impression,2025/10/31,925316946,merriam-webster.com
Impression,2025/10/31,925316946,people.com
Impression,2025/10/31,925495576,yahoo.com
Impression,2025/10/31,942385466,techcrunch.com
Impression,2025/11/01,856828246,nypost.com
Impression,2025/11/01,908765206,king5.com
Impression,2025/11/01,908765206,msnbc.com
Impression,2025/11/02,544957983,quora.com
Impression,2025/11/02,820430693,Samsung TV Plus FREE
Impression,2025/11/02,820449953,Samsung TV Plus FREE
Impression,2025/11/02,856884186,tomshardware.com
Impression,2025/11/02,878816903,g15147002586
Impression,2025/11/02,904501093,Samsung TV Plus FREE
Impression,2025/11/02,905460066,Samsung TV Plus FREE
Impression,2025/11/02,908384816,g15147002586
Impression,2025/11/02,908559846,Samsung TV Plus FREE
Impression,2025/11/03,870000154,yahoo.com
Impression,2025/11/03,878737633,mail.yahoo.com
Impression,2025/11/03,878816903,OneFOX
Impression,2025/11/03,914264093,yahoo.com
Impression,2025/11/03,914566133,yahoo.com
Impression,2025/11/03,914655773,yahoo.com
Impression,2025/11/03,940594396,yahoo.com
Impression,2025/11/04,860834093,yahoo.com
Impression,2025/11/04,860883533,yahoo.com
Impression,2025/11/05,752020476,nbcnews.com
Impression,2025/11/05,870000154,nbcnews.com
Impression,2025/11/05,873914946,cbssports.com
Impression,2025/11/05,886660574,nbcnews.com
Impression,2025/11/05,904265973,cbssports.com
Impression,2025/11/05,942385466,ebay.com
Impression,2025/11/06,767104524,Samsung TV Plus FREE
Impression,2025/11/06,895540984,dailymail.co.uk
Impression,2025/11/06,904360613,yahoo.com
Impression,2025/11/06,923626566,dailymail.co.uk
Impression,2025/11/06,923666066,dailymail.co.uk
Impression,2025/11/06,925356836,dailymail.co.uk
Impression,2025/11/06,925461906,dailymail.co.uk
Impression,2025/11/06,925471826,usatoday.com
Impression,2025/11/06,946363086,theverge.com
Impression,2025/11/07,767154534,Samsung TV Plus FREE
Impression,2025/11/07,873879446,nypost.com
Impression,2025/11/07,878816903,Samsung TV Plus FREE
Impression,2025/11/07,879879256,yahoo.com
Impression,2025/11/07,889339106,mail.yahoo.com
Impression,2025/11/07,895675254,mail.yahoo.com
Impression,2025/11/07,898496426,AP news
Impression,2025/11/07,902136473,Samsung TV Plus FREE
Impression,2025/11/07,904296073,androidauthority.com
Impression,2025/11/07,904450483,parade.com
Impression,2025/11/07,922029756,Samsung TV Plus FREE
Impression,2025/11/07,925495576,AP news
Impression,2025/11/07,946363086,AP news
Impression,2025/11/08,826923054,pcmag.com
Impression,2025/11/08,840116024,pcmag.com
Impression,2025/11/08,925455836,pcmag.com
Impression,2025/11/08,925455836,yahoo.com
Impression,2025/11/09,544957973,yahoo.com
Impression,2025/11/09,854226303,yahoo.com
Impression,2025/11/09,855610864,nypost.com
Impression,2025/11/09,856846626,mail.yahoo.com
Impression,2025/11/09,878816903,Samsung TV Plus FREE
Impression,2025/11/09,879879256,yahoo.com
Impression,2025/11/09,894655084,mail.yahoo.com
Impression,2025/11/09,895026784,mail.yahoo.com
Impression,2025/11/09,905284826,Samsung TV Plus FREE
Impression,2025/11/09,908098476,nypost.com
Impression,2025/11/09,908765206,yahoo.com
Impression,2025/11/09,915801773,yahoo.com
Impression,2025/11/09,922082076,Samsung TV Plus FREE
Impression,2025/11/09,948797736,mail.yahoo.com
Impression,2025/11/09,948797736,yahoo.com
Impression,2025/11/09,952982856,yahoo.com
Impression,2025/11/10,727172926,yahoo.com
Impression,2025/11/10,853618106,eonline.com
Impression,2025/11/10,856809616,yahoo.com
Impression,2025/11/10,867006343,finance.yahoo.com
Impression,2025/11/10,867154383,finance.yahoo.com
Impression,2025/11/10,870000154,telegraph.co.uk
Impression,2025/11/10,873877006,yahoo.com
Impression,2025/11/10,873914946,nbcnews.com
Impression,2025/11/10,895540984,yahoo.com
Impression,2025/11/10,895859524,yahoo.com
Impression,2025/11/10,914566133,yahoo.com
Impression,2025/11/10,915801773,yahoo.com
Impression,2025/11/11,544957973,yahoo.com
Impression,2025/11/11,742651134,finance.yahoo.com
Impression,2025/11/11,826344494,yahoo.com
Impression,2025/11/11,826522834,yahoo.com
Impression,2025/11/11,826923054,yahoo.com
Impression,2025/11/11,840107034,yahoo.com
Impression,2025/11/11,860834093,finance.yahoo.com
Impression,2025/11/11,882892363,yahoo.com
Impression,2025/11/11,884155066,thesaurus.com
Impression,2025/11/11,886829044,yahoo.com
Impression,2025/11/11,889339106,yahoo.com
Impression,2025/11/11,889736136,Samsung TV Plus FREE
Impression,2025/11/11,895026784,yahoo.com
Impression,2025/11/11,895536614,yahoo.com
Impression,2025/11/11,895675254,yahoo.com
Impression,2025/11/11,895881894,yahoo.com
Impression,2025/11/11,896024104,yahoo.com
Impression,2025/11/11,896025294,yahoo.com
Impression,2025/11/11,896093644,yahoo.com
Impression,2025/11/11,896102684,yahoo.com
Impression,2025/11/11,911933483,finance.yahoo.com
Impression,2025/11/11,914820523,yahoo.com
Impression,2025/11/11,925894086,yahoo.com
Impression,2025/11/11,926045496,yahoo.com
Impression,2025/11/11,946755976,yahoo.com
Impression,2025/11/11,956386916,yahoo.com
Impression,2025/11/12,812555174,nypost.com
Impression,2025/11/12,860834093,foxnews.com
Impression,2025/11/12,860834093,yahoo.com
Impression,2025/11/12,870000154,yahoo.com
Impression,2025/11/12,879879256,yahoo.com
Impression,2025/11/12,895675254,yahoo.com
Impression,2025/11/13,752011896,dailymail.co.uk
Impression,2025/11/13,881179494,foxnews.com
Impression,2025/11/13,894632704,healthline.com
Impression,2025/11/13,895540984,dailymail.co.uk
Impression,2025/11/14,733792474,The Roku Channel
Impression,2025/11/14,878676773,The Roku Channel
Impression,2025/11/14,878816903,The Roku Channel
Impression,2025/11/14,904500733,The Roku Channel
Impression,2025/11/14,905323676,The Roku Channel
Impression,2025/11/14,908559846,The Roku Channel
Impression,2025/11/14,946363086,businessinsider.com
Impression,2025/11/14,949990206,ca.news.yahoo.com
Impression,2025/11/15,767015634,tubitv
Impression,2025/11/15,771205084,The Roku Channel
Impression,2025/11/15,794315646,The Roku Channel
Impression,2025/11/15,895802114,newsweek.com
Impression,2025/11/15,904351523,The Roku Channel
Impression,2025/11/15,905381656,The Roku Channel
Impression,2025/11/16,874071996,saltandlavender.com
Impression,2025/11/16,878737633,saltandlavender.com
Impression,2025/11/16,892735456,LG Channels
Impression,2025/11/16,895295894,LG Channels
Impression,2025/11/16,905323676,LG Channels
Impression,2025/11/16,905431396,LG Channels
Impression,2025/11/16,922029756,LG Channels
Impression,2025/11/16,922029766,LG Channels
Impression,2025/11/16,958911656,LG Channels
Impression,2025/11/16,959309136,LG Channels
Impression,2025/11/17,879879256,foxnews.com
Impression,2025/11/18,767015654,The Roku Channel
Impression,2025/11/18,851518383,N/A:ARqeoeTpUR4HWl7F9l7sH6ieZSm-
Impression,2025/11/18,910585664,yahoo.com
Impression,2025/11/18,922171546,The Roku Channel
Impression,2025/11/18,948831086,mail.yahoo.com
Impression,2025/11/18,959707926,The Roku Channel
Impression,2025/11/19,860834093,theguardian.com
Impression,2025/11/19,895925654,healthline.com
Impression,2025/11/19,948136816,LG Channels
Impression,2025/11/20,854226303,yahoo.com
Impression,2025/11/20,860834093,yahoo.com
Impression,2025/11/20,870000154,yahoo.com
Impression,2025/11/20,879879256,yahoo.com
Impression,2025/11/20,889339106,yahoo.com
Impression,2025/11/20,895675254,yahoo.com
Impression,2025/11/20,919412574,yahoo.com
Impression,2025/11/21,558166306,yahoo.com
Impression,2025/11/21,630772584,yahoo.com
Impression,2025/11/21,742671114,thestreet.com
Impression,2025/11/21,747852474,op.gg
Impression,2025/11/21,751976786,yahoo.com
Impression,2025/11/21,826923054,yahoo.com
Impression,2025/11/21,867154383,thestreet.com
Impression,2025/11/21,895540984,yahoo.com
Impression,2025/11/21,898456296,yahoo.com
Impression,2025/11/21,946363086,thestreet.com
Impression,2025/11/21,968420256,foxnews.com
Impression,2025/11/21,972417846,foxnews.com
Impression,2025/11/22,895925654,ca.news.yahoo.com
Impression,2025/11/22,913309144,themediterraneandish.com
Impression,2025/11/22,917078974,themediterraneandish.com
Impression,2025/11/22,919614544,themediterraneandish.com
Impression,2025/11/22,924899443,ca.news.yahoo.com
Impression,2025/11/22,925883986,ca.news.yahoo.com
Impression,2025/11/22,941880863,ca.news.yahoo.com
Impression,2025/11/22,946755976,ca.news.yahoo.com
Impression,2025/11/22,948831086,ca.news.yahoo.com
Impression,2025/11/22,959705466,themediterraneandish.com
Impression,2025/11/22,966481016,foxnews.com
Impression,2025/11/22,966481016,yahoo.com
Impression,2025/11/23,878816903,Samsung TV Plus FREE
Impression,2025/11/23,892735466,Samsung TV Plus FREE
Impression,2025/11/23,904501093,Samsung TV Plus FREE
Impression,2025/11/23,905431396,Samsung TV Plus FREE
Impression,2025/11/23,922072406,Samsung TV Plus FREE
Impression,2025/11/23,958911656,Samsung TV Plus FREE
Impression,2025/11/24,878816903,g15147002586
Impression,2025/11/24,924892403,feelgoodfoodie.net
Impression,2025/11/24,966481016,feelgoodfoodie.net
Impression,2025/11/25,169783243,yahoo.com
Impression,2025/11/25,544957983,yahoo.com
Impression,2025/11/25,751976596,yahoo.com
Impression,2025/11/25,797284216,yahoo.com
Impression,2025/11/25,837753836,yahoo.com
Impression,2025/11/25,840175634,yahoo.com
Impression,2025/11/25,849246384,foxnews.com
Impression,2025/11/25,849246384,yahoo.com
Impression,2025/11/25,856125494,yahoo.com
Impression,2025/11/25,878737633,timeout.com
Impression,2025/11/25,894977164,yahoo.com
Impression,2025/11/25,896149944,yahoo.com
Impression,2025/11/25,906558104,yahoo.com
Impression,2025/11/25,916131343,yahoo.com
Impression,2025/11/25,916700214,yahoo.com
Impression,2025/11/25,916785194,yahoo.com
Impression,2025/11/25,918759853,yahoo.com
Impression,2025/11/25,919163753,foxnews.com
Impression,2025/11/25,919163753,yahoo.com
Impression,2025/11/25,926593934,yahoo.com
Impression,2025/11/25,926680914,yahoo.com
Impression,2025/11/25,926763544,yahoo.com
Impression,2025/11/25,931524076,yahoo.com
Impression,2025/11/25,948831086,yahoo.com
Impression,2025/11/25,953387436,yahoo.com
Impression,2025/11/25,953684996,yahoo.com
Impression,2025/11/25,955564326,yahoo.com
Impression,2025/11/25,956591406,yahoo.com
Impression,2025/11/25,959507396,yahoo.com
Impression,2025/11/25,961383386,yahoo.com
Impression,2025/11/25,963273336,yahoo.com
Impression,2025/11/25,968582156,yahoo.com
Impression,2025/11/26,747766124,usmagazine.com
Impression,2025/11/26,948136816,LG Channels
Impression,2025/11/26,959309056,LG Channels
Impression,2025/11/26,966481016,ca.news.yahoo.com
Impression,2025/11/27,525611616,collider.com
Impression,2025/11/27,906358944,collider.com
Impression,2025/11/27,908384816,The Roku Channel
Impression,2025/11/27,966481016,collider.com
Impression,2025/11/27,966481016,downshiftology.com
Impression,2025/11/27,966680276,The Roku Channel
Impression,2025/11/27,967080056,The Roku Channel
Impression,2025/11/28,851567103,N/A:ARqeoeTpUR4HWl7F9l7sH6ieZSm-
Impression,2025/11/28,860883533,espn.com
Impression,2025/11/28,860883533,yahoo.com
Impression,2025/11/28,895925654, -1 Page
Impression,2025/11/28,896024104, -1 Page
Impression,2025/11/28,948136816,The Roku Channel
Impression,2025/11/28,966481016, -1 Page
Impression,2025/11/28,966481016,yahoo.com
Impression,2025/11/28,967080056,The Roku Channel
Impression,2025/11/29,867144673,finance.yahoo.com
Impression,2025/11/29,934210924,yahoo.com
Impression,2025/11/29,966481016,Sudoku.com
Impression,2025/11/30,750651614,freep.com
Impression,2025/11/30,750651614,usatoday.com
Impression,2025/11/30,863481043, -1 Page
Impression,2025/11/30,916882694,usatoday.com
Impression,2025/11/30,966481016, -1 Page
Impression,2025/12/02,878816903,Plex
Impression,2025/12/02,878816903,Samsung TV Plus FREE
Impression,2025/12/02,895540984,foxnews.com
Impression,2025/12/02,926945754,yahoo.com
Impression,2025/12/02,970530473,yahoo.com
Impression,2025/12/02,971344403,yahoo.com
Impression,2025/12/03,878676773,Plex
Click,2025/12/04,895540984,SmartNews
Impression,2025/12/04,689242466,SmartNews
Impression,2025/12/04,869357584,SmartNews
Impression,2025/12/04,895134644,SmartNews
Impression,2025/12/04,895540984,SmartNews
Impression,2025/12/04,895925654,SmartNews
Impression,2025/12/04,925883986,SmartNews
Impression,2025/12/05,268364144,SmartNews
Impression,2025/12/05,854226303,yahoo.com
Impression,2025/12/05,860883533, -1 Page
Impression,2025/12/05,908618986,yahoo.com
Impression,2025/12/05,919260624,yahoo.com
Impression,2025/12/05,925894086,yahoo.com
Impression,2025/12/05,926945754,yahoo.com
Impression,2025/12/05,931543726,yahoo.com
Impression,2025/12/05,934210924,SmartNews
Impression,2025/12/05,935147494,yahoo.com
Impression,2025/12/05,982066876,yahoo.com
Impression,2025/12/05,984040996,yahoo.com
Impression,2025/12/06,916833624,justapinch.com
Impression,2025/12/06,967080056,Samsung TV Plus FREE
Impression,2025/12/06,971091553,SmartNews
Impression,2025/12/07,169783243,yahoo.com
Impression,2025/12/07,860834093,yahoo.com
Impression,2025/12/08,713894173,SmartNews
Impression,2025/12/08,713894353,SmartNews
Impression,2025/12/08,713913603,SmartNews
Impression,2025/12/08,826522954,yahoo.com
Impression,2025/12/08,827136044,SmartNews
Impression,2025/12/08,860883533,yahoo.com
Impression,2025/12/08,869806444,SmartNews
Impression,2025/12/08,895925654,SmartNews
Impression,2025/12/08,919655704,yahoo.com
Impression,2025/12/08,943654674,yahoo.com
Impression,2025/12/08,980300026,yahoo.com
Impression,2025/12/08,985465906,yahoo.com
Impression,2025/12/08,985565966,yahoo.com
Impression,2025/12/08,986339566,usatoday.com
Impression,2025/12/08,988602546,yahoo.com
Impression,2025/12/08,990313113,yahoo.com
Impression,2025/12/08,990313133,yahoo.com
Impression,2025/12/09,1072083604,yahoo.com
Impression,2025/12/09,731555786,yahoo.com
Impression,2025/12/09,826308594,thedailybeast.com
Impression,2025/12/09,854226303,kohls.com
Impression,2025/12/09,863620543,skinnytaste.com
Impression,2025/12/09,878737633,skinnytaste.com
Impression,2025/12/09,882298913,skinnytaste.com
Impression,2025/12/09,894868214,yahoo.com
Impression,2025/12/09,896024104,yahoo.com
Impression,2025/12/09,912056933,nypost.com
Impression,2025/12/09,916131343,yahoo.com
Impression,2025/12/09,918233763,yahoo.com
Impression,2025/12/09,918362333,yahoo.com
Impression,2025/12/09,926002446,yahoo.com
Impression,2025/12/09,934537094,nypost.com
Impression,2025/12/09,934607604, -1 Page
Impression,2025/12/09,970303893,yahoo.com
Impression,2025/12/10,1072090664,yahoo.com
Impression,2025/12/10,1072290914,yahoo.com
Impression,2025/12/10,238550483,yahoo.com
Impression,2025/12/10,729764064,yahoo.com
Impression,2025/12/10,731582826,yahoo.com
Impression,2025/12/10,826308344,newsweek.com
Impression,2025/12/10,826344494,yahoo.com
Impression,2025/12/10,839465704,yahoo.com
Impression,2025/12/10,840116024,foxnews.com
Impression,2025/12/10,840116024,yahoo.com
Impression,2025/12/10,849246384,yahoo.com
Impression,2025/12/10,858325446,usatoday.com
Impression,2025/12/10,866828093,yahoo.com
Impression,2025/12/10,880622154,yahoo.com
Impression,2025/12/10,880681054,yahoo.com
Impression,2025/12/10,896149944,yahoo.com
Impression,2025/12/10,915231813,yahoo.com
Impression,2025/12/10,915259003,yahoo.com
Impression,2025/12/10,919436204,foxbusiness.com
Impression,2025/12/10,925093573,yahoo.com
Impression,2025/12/10,926674114,yahoo.com
Impression,2025/12/10,926945754,yahoo.com
Impression,2025/12/10,934210924,foxnews.com
Impression,2025/12/10,943238824,yahoo.com
Impression,2025/12/10,953684996,yahoo.com
Impression,2025/12/10,971114483,yahoo.com
Impression,2025/12/10,971613243,yahoo.com
Impression,2025/12/10,972030543,yahoo.com
Impression,2025/12/10,973264446,yahoo.com
Impression,2025/12/10,982183226,yahoo.com
Impression,2025/12/10,984019246,yahoo.com
Impression,2025/12/10,989493006,yahoo.com
Impression,2025/12/10,990849783,yahoo.com
Impression,2025/12/11,839465704,usatoday.com
Impression,2025/12/11,849246384,usatoday.com
Impression,2025/12/11,919545854,yahoo.com
Impression,2025/12/12,971143843,thehill.com
Impression,2025/12/12,971154433,thehill.com
Impression,2025/12/12,986978196,thehill.com
Impression,2025/12/14,984040996,ebay.com
Impression,2025/12/15,1000108526,thechunkychef.com
Impression,2025/12/15,1071877124,thechunkychef.com
Impression,2025/12/15,567558213,thechunkychef.com
Impression,2025/12/15,567558223,thechunkychef.com
Impression,2025/12/15,567558253,thechunkychef.com
Impression,2025/12/15,839315544,nypost.com
Impression,2025/12/15,860834093, -1 Page
Impression,2025/12/15,925883986,yahoo.com
Impression,2025/12/15,925894086,yahoo.com
Impression,2025/12/15,953784576,yahoo.com
Impression,2025/12/16,558166306,foxnews.com
Impression,2025/12/16,603964023, -1 Page
Impression,2025/12/16,766333714,N/A:WEB:AQVXklYfAn4WPoUMLKL0DvhhdmG4
Impression,2025/12/16,854226303,yahoo.com
Impression,2025/12/16,860834093,foxnews.com
Impression,2025/12/16,894868214,yahoo.com
Impression,2025/12/16,894977164,yahoo.com
Impression,2025/12/16,992087736,foxnews.com
Impression,2025/12/16,996883246,foxnews.com
Impression,2025/12/17,544966343,foxnews.com
Impression,2025/12/17,767145134,Samsung TV Plus FREE
Impression,2025/12/17,820392143,Samsung TV Plus FREE
Impression,2025/12/17,866966153,finance.yahoo.com
Impression,2025/12/17,867144673,finance.yahoo.com
Impression,2025/12/17,892735456,Samsung TV Plus FREE
Impression,2025/12/17,898346436,nypost.com
Impression,2025/12/17,905323676,Samsung TV Plus FREE
Impression,2025/12/17,916631754,foxnews.com
Impression,2025/12/17,925833956,nypost.com
Impression,2025/12/17,926002446,nypost.com
Impression,2025/12/17,926045496,nypost.com
Impression,2025/12/17,989323536,Samsung TV Plus FREE
Impression,2025/12/18,1075032284,yahoo.com
Impression,2025/12/18,919620334,theguardian.com
Impression,2025/12/18,926945754,yahoo.com
Impression,2025/12/18,982868726,upworthy.com
Impression,2025/12/18,997982466,Samsung TV Plus FREE
Impression,2025/12/19,854226303,usmagazine.com
Impression,2025/12/19,943600494,usmagazine.com
Impression,2025/12/20,1003174836,Samsung TV Plus FREE
Impression,2025/12/20,1004903646,ebay.com
Impression,2025/12/20,1009285786,ebay.com
Impression,2025/12/20,964881836,Samsung TV Plus FREE
Impression,2025/12/20,967080056,Samsung TV Plus FREE
Impression,2025/12/20,997982466,Samsung TV Plus FREE
Impression,2025/12/21,750741094,yahoo.com
Impression,2025/12/21,863630343,buzzfeed.com
Impression,2025/12/22,1000942776,bbc.com
Impression,2025/12/22,1004903646,zillow.com
Impression,2025/12/22,1079280574,SmartNews
Impression,2025/12/23,878737633,latimes.com
Impression,2025/12/24,1074936724,yahoo.com
Impression,2025/12/24,747793234,allrecipes.com
Impression,2025/12/24,747822644,allrecipes.com
Impression,2025/12/24,860834093,livescience.com
Impression,2025/12/24,869357584,espn.com
Impression,2025/12/24,892735466,Samsung TV Plus FREE
Impression,2025/12/24,904501093,Samsung TV Plus FREE
Impression,2025/12/24,905323676,Samsung TV Plus FREE
Impression,2025/12/24,989323536,Samsung TV Plus FREE
Impression,2025/12/25,1081801024,dailymail.co.uk
Impression,2025/12/25,544929443,dailymail.co.uk
Impression,2025/12/25,860834093,dailymail.co.uk
Impression,2025/12/25,869246984,dailymail.co.uk
Impression,2025/12/25,894868214,dailymail.co.uk
Impression,2025/12/25,898315946,dailymail.co.uk
Impression,2025/12/25,898346676,dailymail.co.uk
Impression,2025/12/25,898496426,dailymail.co.uk
Impression,2025/12/25,905284826,Samsung TV Plus FREE
Impression,2025/12/25,919620334,dailymail.co.uk
Impression,2025/12/25,999278266,dailymail.co.uk
Impression,2025/12/26,767015634,The Roku Channel
Impression,2025/12/26,767104524,The Roku Channel
Impression,2025/12/27,1075032284,ebay.com
Impression,2025/12/27,1077195364,slate.com
Impression,2025/12/27,1079280574,accuweather.com
Impression,2025/12/27,860883533,cnbc.com
Impression,2025/12/27,967080056,Samsung TV Plus FREE
Impression,2025/12/28,1003174836,LG Channels
Impression,2025/12/28,964881836,LG Channels
Impression,2025/12/28,966680276,LG Channels
Impression,2025/12/28,967080056,LG Channels
Impression,2025/12/28,990313113,accuweather.com
Impression,2025/12/28,997982466,LG Channels
Impression,2025/12/28,997982466,hulu
Impression,2025/12/29,863630343,My Perfect Hotel
Impression,2025/12/30,863560713,natashaskitchen.com
Impression,2025/12/30,878737633,natashaskitchen.com
Impression,2025/12/31,1004903646,SmartNews
Impression,2025/12/31,1014316716,SmartNews
Impression,2025/12/31,863630343,Number Match
Impression,2025/12/31,999078216,cbssports.com
Click,2026/01/01,1011450666,sfgate.com
Impression,2026/01/01,1004903646,usatoday.com
Impression,2026/01/01,1011450666,sfgate.com
Impression,2026/01/01,1081826884,newsweek.com
Impression,2026/01/01,169783243,newsweek.com
Impression,2026/01/01,874034916,usatoday.com
Impression,2026/01/01,904501093,LG Channels
Impression,2026/01/01,919440694,newsweek.com
Impression,2026/01/01,919440694,usatoday.com
Impression,2026/01/01,919620334,usatoday.com
Impression,2026/01/03,1014429156,yahoo.com
Impression,2026/01/03,1014537436,yahoo.com
Impression,2026/01/03,1014818186,yahoo.com
Impression,2026/01/03,1015888316,yahoo.com
Impression,2026/01/03,1075032284,yahoo.com
Impression,2026/01/03,1099792833,yahoo.com
Impression,2026/01/04,1010990486,ndtv.com
Impression,2026/01/04,1012089476,yahoo.com
Impression,2026/01/04,1013582176,yahoo.com
Impression,2026/01/04,1013892746,ndtv.com
Impression,2026/01/04,1013892746,yahoo.com
Impression,2026/01/04,1013902466,ndtv.com
Impression,2026/01/04,1014316716,yahoo.com
Impression,2026/01/04,1075032284,yahoo.com
Impression,2026/01/04,1081488404,ndtv.com
Impression,2026/01/04,498937046,ndtv.com
Impression,2026/01/04,544929443,ndtv.com
Impression,2026/01/04,943288644,yahoo.com
Impression,2026/01/04,971514463,ndtv.com
Impression,2026/01/04,973564076,ndtv.com
Impression,2026/01/05,1017228006,SmartNews
Impression,2026/01/05,1100911083,SmartNews
Impression,2026/01/05,824987336,reuters.com
Impression,2026/01/05,969963763,allrecipes.com
Impression,2026/01/06,1000676596,yahoo.com
Impression,2026/01/06,1011354006,themediterraneandish.com
Impression,2026/01/06,1015289796,themediterraneandish.com
Impression,2026/01/06,1078335364,themediterraneandish.com
Impression,2026/01/06,1097695173,themediterraneandish.com
Impression,2026/01/06,519269076,themediterraneandish.com
Impression,2026/01/06,742708794,themediterraneandish.com
Impression,2026/01/06,747804934,screenrant.com
Impression,2026/01/06,863630343,themediterraneandish.com
Impression,2026/01/06,878737633,themediterraneandish.com
Impression,2026/01/06,882298913,screenrant.com
Impression,2026/01/06,891466226,screenrant.com
Impression,2026/01/06,998302446,screenrant.com
Impression,2026/01/07,1001155106,kohls.com
Impression,2026/01/07,1003150646,themediterraneandish.com
Impression,2026/01/07,1004903646,finance.yahoo.com
Impression,2026/01/07,1004903646,kohls.com
Impression,2026/01/07,1014316716,kohls.com
Impression,2026/01/07,1015389036,yahoo.com
Impression,2026/01/07,1020344466,yahoo.com
Impression,2026/01/07,1074984174,yahoo.com
Impression,2026/01/07,1077195364,yahoo.com
Impression,2026/01/07,1081245674,yahoo.com
Impression,2026/01/07,1083583414,yahoo.com
Impression,2026/01/07,1105084513,kohls.com
Impression,2026/01/07,1105084513,yahoo.com
Impression,2026/01/07,519269076,yahoo.com
Impression,2026/01/07,544966333,yahoo.com
Impression,2026/01/07,630772584,yahoo.com
Impression,2026/01/07,681049444,yahoo.com
Impression,2026/01/07,817429086,yahoo.com
Impression,2026/01/07,817598306,yahoo.com
Impression,2026/01/07,817662176,yahoo.com
Impression,2026/01/07,839493764,kohls.com
Impression,2026/01/07,856812926,kohls.com
Impression,2026/01/07,856822316,kohls.com
Impression,2026/01/07,860826083,yahoo.com
Impression,2026/01/07,860990983,yahoo.com
Impression,2026/01/07,863560723,themediterraneandish.com
Impression,2026/01/07,897505196,nypost.com
Impression,2026/01/07,899713636,nypost.com
Impression,2026/01/07,916522484,yahoo.com
Impression,2026/01/07,953684996,kohls.com
Impression,2026/01/07,953784576,yahoo.com
Impression,2026/01/07,986973896,yahoo.com
Impression,2026/01/07,990186513,yahoo.com
Impression,2026/01/08,1010893966,yahoo.com
Impression,2026/01/08,1013386076,foxnews.com
Impression,2026/01/08,1014429156,themediterraneandish.com
Impression,2026/01/08,1084182314,foxnews.com
Impression,2026/01/08,1084280434,foxnews.com
Impression,2026/01/08,1102900883,yahoo.com
Impression,2026/01/08,1103788683,SmartNews
Impression,2026/01/08,1103788683,themediterraneandish.com
Impression,2026/01/08,1103788683,yahoo.com
Impression,2026/01/08,519269076,yahoo.com
Impression,2026/01/08,713002784,yahoo.com
Impression,2026/01/08,823183166,usatoday.com
Impression,2026/01/08,856039824,yahoo.com
Impression,2026/01/08,916562344,foxnews.com
Impression,2026/01/08,916951184,foxnews.com
Impression,2026/01/09,1016254456,yahoo.com
Impression,2026/01/09,1023386056,yahoo.com
Impression,2026/01/09,1024785436,yahoo.com
Impression,2026/01/09,1025281926,yahoo.com
Impression,2026/01/09,1025580226,themediterraneandish.com
Impression,2026/01/09,1074936724,thedailybeast.com
Impression,2026/01/09,1085080974,yahoo.com
Impression,2026/01/09,1086686424,themediterraneandish.com
Impression,2026/01/09,1087785694,themediterraneandish.com
Impression,2026/01/09,1103788683,themediterraneandish.com
Impression,2026/01/09,519269076,themediterraneandish.com
Impression,2026/01/09,519269076,yahoo.com
Impression,2026/01/09,863481043,ebay.com
Impression,2026/01/09,863481043,themediterraneandish.com
Impression,2026/01/09,863560713,ebay.com
Impression,2026/01/09,863560713,themediterraneandish.com
Impression,2026/01/09,863560723,themediterraneandish.com
Impression,2026/01/09,863620543,themediterraneandish.com
Impression,2026/01/09,863630343,themediterraneandish.com
Impression,2026/01/09,892735456,Samsung TV Plus FREE
Impression,2026/01/09,919440694,ndtv.com
Impression,2026/01/10,1020842816,themediterraneandish.com
Impression,2026/01/10,1023185446,themediterraneandish.com
Impression,2026/01/10,1086380344,themediterraneandish.com
Impression,2026/01/10,1103788683,themediterraneandish.com
Impression,2026/01/10,1103788683,yahoo.com
Impression,2026/01/10,519269076,themediterraneandish.com
Impression,2026/01/10,863481043,themediterraneandish.com
Impression,2026/01/10,863560713,themediterraneandish.com
Impression,2026/01/10,863560723,natashaskitchen.com
Impression,2026/01/10,863560723,themediterraneandish.com
Impression,2026/01/10,863620543,themediterraneandish.com
Impression,2026/01/10,863630343,themediterraneandish.com
Impression,2026/01/10,869806444,N/A:WEB:AQVXklYfAn4WPoUMLKL0DvhhdmG4
Impression,2026/01/10,904501093,Samsung TV Plus FREE
Impression,2026/01/11,1012710886,themediterraneandish.com
Impression,2026/01/11,1013582166,themediterraneandish.com
Impression,2026/01/11,1013602046,themediterraneandish.com
Impression,2026/01/11,1013902466,themediterraneandish.com
Impression,2026/01/11,1014429156,themediterraneandish.com
Impression,2026/01/11,1020467226,themediterraneandish.com
Impression,2026/01/11,1020486896,themediterraneandish.com
Impression,2026/01/11,1082384374,themediterraneandish.com
Impression,2026/01/11,1102887713,themediterraneandish.com
Impression,2026/01/11,1103788683,newsweek.com
Impression,2026/01/11,238550483,themediterraneandish.com
Impression,2026/01/11,498937046,themediterraneandish.com
Impression,2026/01/11,544966333,themediterraneandish.com
Impression,2026/01/11,863481043,themediterraneandish.com
Impression,2026/01/11,863560713,themediterraneandish.com
Impression,2026/01/11,863560723,themediterraneandish.com
Impression,2026/01/11,863630343,themediterraneandish.com
Impression,2026/01/11,874015296,themediterraneandish.com
Impression,2026/01/12,1012089476,themediterraneandish.com
Impression,2026/01/12,1012893276,yahoo.com
Impression,2026/01/12,1020641976,themediterraneandish.com
Impression,2026/01/12,1022094326,yahoo.com
Impression,2026/01/12,1026885036,yahoo.com
Impression,2026/01/12,1028225586,themediterraneandish.com
Impression,2026/01/12,1028585166,yahoo.com
Impression,2026/01/12,1028884016,yahoo.com
Impression,2026/01/12,1028984556,themediterraneandish.com
Impression,2026/01/12,1078783624,yahoo.com
Impression,2026/01/12,1078883174,yahoo.com
Impression,2026/01/12,1100689313,themediterraneandish.com
Impression,2026/01/12,1102887713,themediterraneandish.com
Impression,2026/01/12,1102899853,unilad.com
Impression,2026/01/12,1103788683,themediterraneandish.com
Impression,2026/01/12,1103788683,venturebeat.com
Impression,2026/01/12,1103788683,yahoo.com
Impression,2026/01/12,1104698403,themediterraneandish.com
Impression,2026/01/12,1105980623,themediterraneandish.com
Impression,2026/01/12,817598306,yahoo.com
Impression,2026/01/12,817662176,yahoo.com
Impression,2026/01/12,863481043,themediterraneandish.com
Impression,2026/01/12,863560713,foxbusiness.com
Impression,2026/01/13,1000676596,themediterraneandish.com
Impression,2026/01/13,1011049046,themediterraneandish.com
Impression,2026/01/13,1012739296,espn.com
Impression,2026/01/13,1014908836,themediterraneandish.com
Impression,2026/01/13,1018982266,themediterraneandish.com
Impression,2026/01/13,1019286776,themediterraneandish.com
Impression,2026/01/13,1027481096,themediterraneandish.com
Impression,2026/01/13,1027587716,themediterraneandish.com
Impression,2026/01/13,1028066356,yahoo.com
Impression,2026/01/13,1028085146,themediterraneandish.com
Impression,2026/01/13,1028086516,themediterraneandish.com
Impression,2026/01/13,1028184886,themediterraneandish.com
Impression,2026/01/13,1028285266,themediterraneandish.com
Impression,2026/01/13,1028682166,themediterraneandish.com
Impression,2026/01/13,1028683256,themediterraneandish.com
Impression,2026/01/13,1028787496,themediterraneandish.com
Impression,2026/01/13,1028886406,themediterraneandish.com
Impression,2026/01/13,1028984556,themediterraneandish.com
Impression,2026/01/13,1083186644,themediterraneandish.com
Impression,2026/01/13,1088186214,themediterraneandish.com
Impression,2026/01/13,1090084384,themediterraneandish.com
Impression,2026/01/13,1101007333,forbes.com
Impression,2026/01/13,1102603293,themediterraneandish.com
Impression,2026/01/13,1103187923,themediterraneandish.com
Impression,2026/01/13,1105779773,themediterraneandish.com
Impression,2026/01/13,1106586463,themediterraneandish.com
Impression,2026/01/13,1106780323,foxnews.com
Impression,2026/01/13,543542164,themediterraneandish.com
Impression,2026/01/13,745153843,themediterraneandish.com
Impression,2026/01/13,863481043,themediterraneandish.com
Impression,2026/01/13,863560713,themediterraneandish.com
Impression,2026/01/13,863560723,themediterraneandish.com
Impression,2026/01/13,863620543,themediterraneandish.com
Impression,2026/01/13,863630343,Daily Themed Crossword Puzzles
Impression,2026/01/13,863630343,themediterraneandish.com
Impression,2026/01/13,916522484,yahoo.com
Impression,2026/01/13,961082186,themediterraneandish.com
Impression,2026/01/13,968191556,themediterraneandish.com
Impression,2026/01/13,973507586,themediterraneandish.com
Impression,2026/01/13,973607796,themediterraneandish.com
Impression,2026/01/13,997977726,themediterraneandish.com
Impression,2026/01/13,997983436,themediterraneandish.com
Impression,2026/01/13,998376016,themediterraneandish.com
Impression,2026/01/13,998583006,themediterraneandish.com
Impression,2026/01/13,998779726,themediterraneandish.com
Impression,2026/01/14,1004903646,yahoo.com
Impression,2026/01/14,1013078496,themediterraneandish.com
Impression,2026/01/14,1013112106,themediterraneandish.com
Impression,2026/01/14,1013278666,themediterraneandish.com
Impression,2026/01/14,1013649386,themediterraneandish.com
Impression,2026/01/14,1014316716,yahoo.com
Impression,2026/01/14,1016831676,themediterraneandish.com
Impression,2026/01/14,1019286776,themediterraneandish.com
Impression,2026/01/14,1026865996,themediterraneandish.com
Impression,2026/01/14,1027182446,themediterraneandish.com
Impression,2026/01/14,1027366296,themediterraneandish.com
Impression,2026/01/14,1027782516,themediterraneandish.com
Impression,2026/01/14,1028882656,themediterraneandish.com
Impression,2026/01/14,1029512356,themediterraneandish.com
Impression,2026/01/14,1070576804,themediterraneandish.com
Impression,2026/01/14,1083896194,themediterraneandish.com
Impression,2026/01/14,1089283244,themediterraneandish.com
Impression,2026/01/14,1090785714,themediterraneandish.com
Impression,2026/01/14,1103788683,cbsnews.com
Impression,2026/01/14,1103788683,reuters.com
Impression,2026/01/14,1103788683,themediterraneandish.com
Impression,2026/01/14,1103788683,yahoo.com
Impression,2026/01/14,1104500223,themediterraneandish.com
Impression,2026/01/14,1105292773,themediterraneandish.com
Impression,2026/01/14,1105488803,themediterraneandish.com
Impression,2026/01/14,1105587093,themediterraneandish.com
Impression,2026/01/14,1105779773,themediterraneandish.com
Impression,2026/01/14,1109784713,reuters.com
Impression,2026/01/14,717214984,themediterraneandish.com
Impression,2026/01/14,745094463,themediterraneandish.com
Impression,2026/01/14,758274984,themediterraneandish.com
Impression,2026/01/14,863560723,finance.yahoo.com
Impression,2026/01/14,863620543,themediterraneandish.com
Impression,2026/01/14,863630343,themediterraneandish.com
Impression,2026/01/14,934636144,themediterraneandish.com
Impression,2026/01/14,968091426,themediterraneandish.com
Impression,2026/01/15,1089604024,foxnews.com
Impression,2026/01/15,1112980293,finance.yahoo.com
Impression,2026/01/15,878737633,themediterraneandish.com
Impression,2026/01/16,1013386076,themediterraneandish.com
Impression,2026/01/16,1029464296,themediterraneandish.com
Impression,2026/01/16,1070485514,themediterraneandish.com
Impression,2026/01/16,1074936724,ebay.com
Impression,2026/01/16,1074936724,themediterraneandish.com
Impression,2026/01/16,1089404754,themediterraneandish.com
Impression,2026/01/16,1090602054,themediterraneandish.com
Impression,2026/01/16,1090994744,themediterraneandish.com
Impression,2026/01/16,1091290054,themediterraneandish.com
Impression,2026/01/16,1103788683,themediterraneandish.com
Impression,2026/01/16,1106983493,yahoo.com
Impression,2026/01/16,1109581343,themediterraneandish.com
Impression,2026/01/16,1109784713,themediterraneandish.com
Impression,2026/01/16,515200254,themediterraneandish.com
Impression,2026/01/16,543447544,themediterraneandish.com
Impression,2026/01/16,547805203,themediterraneandish.com
Impression,2026/01/16,552776784,themediterraneandish.com
Impression,2026/01/16,673171044,themediterraneandish.com
Impression,2026/01/16,863481043,themediterraneandish.com
Impression,2026/01/16,863560713,themediterraneandish.com
Impression,2026/01/16,863560723,themediterraneandish.com
Impression,2026/01/16,863620543,themediterraneandish.com
Impression,2026/01/16,863630343,themediterraneandish.com
Impression,2026/01/16,882298913,themediterraneandish.com
Impression,2026/01/16,892735456,Samsung TV Plus FREE
Impression,2026/01/16,967691916,themediterraneandish.com
Impression,2026/01/17,1103788683,themediterraneandish.com
Impression,2026/01/18,1029747286,sfgate.com
Impression,2026/01/18,1123580714,yahoo.com
Impression,2026/01/19,1011494366,ebay.com
Impression,2026/01/19,1012911646,themediterraneandish.com
Impression,2026/01/19,1014316716,ebay.com
Impression,2026/01/19,1029464296,ebay.com
Impression,2026/01/19,1089404754,ebay.com
Impression,2026/01/19,1103788683,themediterraneandish.com
Impression,2026/01/19,1108289963,ebay.com
Impression,2026/01/19,1109490593,foxnews.com
Impression,2026/01/19,1110486193,foxnews.com
Impression,2026/01/19,1124381134,ebay.com
Impression,2026/01/19,169783243,themediterraneandish.com
Impression,2026/01/19,863481043,ebay.com
Impression,2026/01/20,1003150646,yahoo.com
Impression,2026/01/20,1012089476,yahoo.com
Impression,2026/01/20,1013792326,eonline.com
Impression,2026/01/20,1046786006,yahoo.com
Impression,2026/01/20,1086985084,yahoo.com
Impression,2026/01/20,1091190394,ebay.com
Impression,2026/01/20,1123580714,ebay.com
Impression,2026/01/21,1003150646,yahoo.com
Impression,2026/01/21,1004903646,yahoo.com
Impression,2026/01/21,1013602046,yahoo.com
Impression,2026/01/21,1014316716,yahoo.com
Impression,2026/01/21,1028066356,yahoo.com
Impression,2026/01/21,1029571656,yahoo.com
Impression,2026/01/21,1051720146,yahoo.com
Impression,2026/01/21,1086985084,yahoo.com
Impression,2026/01/21,1088498934,yahoo.com
Impression,2026/01/21,1089604024,yahoo.com
Impression,2026/01/21,1093180884,foxnews.com
Impression,2026/01/21,1093180884,yahoo.com
Impression,2026/01/21,1097695173,yahoo.com
Impression,2026/01/21,1102887713,yahoo.com
Impression,2026/01/21,1116293363,themediterraneandish.com
Impression,2026/01/21,1116293363,yahoo.com
Impression,2026/01/21,1125190074,mail.yahoo.com
Impression,2026/01/21,1127887394,yahoo.com
Impression,2026/01/21,1129486634,yahoo.com
Impression,2026/01/21,1131382564,yahoo.com
Impression,2026/01/21,990313113,yahoo.com
Impression,2026/01/21,998779726,yahoo.com
Impression,2026/01/22,559220546,msn.com
Impression,2026/01/22,817429086,msn.com
Impression,2026/01/22,817598306,msn.com
Impression,2026/01/23,1020282336,Samsung TV Plus FREE
Impression,2026/01/23,1049927396,Samsung TV Plus FREE
Impression,2026/01/23,1050635666,yahoo.com
Impression,2026/01/23,1051142856,yahoo.com
Impression,2026/01/23,1074936724,sfgate.com
Impression,2026/01/23,1074936724,yahoo.com
Impression,2026/01/23,1089788044,Samsung TV Plus FREE
Impression,2026/01/23,1103200953,Samsung TV Plus FREE
Impression,2026/01/23,1105391833,Samsung TV Plus FREE
Impression,2026/01/23,1106085153,Samsung TV Plus FREE
Impression,2026/01/23,820319653,Samsung TV Plus FREE
Impression,2026/01/23,878737633,themediterraneandish.com
Impression,2026/01/23,892735466,Samsung TV Plus FREE
Impression,2026/01/23,892917416,yahoo.com
Impression,2026/01/24,1000676596,themediterraneandish.com
Impression,2026/01/24,1012393626,nypost.com
Impression,2026/01/24,1013386076,yahoo.com
Impression,2026/01/24,1047590496,sfchronicle.com
Impression,2026/01/24,1089404754,themediterraneandish.com
Impression,2026/01/24,1089604024,yahoo.com
Impression,2026/01/24,1091093734,themediterraneandish.com
Impression,2026/01/24,1118090923,sfchronicle.com
Impression,2026/01/24,1128202874,nypost.com
Impression,2026/01/24,817662176,yahoo.com
Impression,2026/01/24,863481043,themediterraneandish.com
Impression,2026/01/24,863560713,themediterraneandish.com
Impression,2026/01/24,863560723,themediterraneandish.com
Impression,2026/01/24,863630343,themediterraneandish.com
Impression,2026/01/24,878737633,themediterraneandish.com
Impression,2026/01/25,1030925136,themediterraneandish.com
Impression,2026/01/25,1044294996,themediterraneandish.com
Impression,2026/01/25,1047286206,themediterraneandish.com
Impression,2026/01/25,1049449446,themediterraneandish.com
Impression,2026/01/25,1051990026,themediterraneandish.com
Impression,2026/01/25,1053405686,themediterraneandish.com
Impression,2026/01/25,1054805876,themediterraneandish.com
Impression,2026/01/25,1090984984,SmartNews
Impression,2026/01/25,1117379803,themediterraneandish.com
Impression,2026/01/25,1127797824,themediterraneandish.com
Impression,2026/01/25,745094463,themediterraneandish.com
Impression,2026/01/25,863481043,themediterraneandish.com
Impression,2026/01/25,863560713,themediterraneandish.com
Impression,2026/01/25,863560723,themediterraneandish.com
Impression,2026/01/25,863620543,themediterraneandish.com
Impression,2026/01/25,863630343,themediterraneandish.com
Impression,2026/01/25,878737633,themediterraneandish.com
Impression,2026/01/25,938045526,sfgate.com
Impression,2026/01/25,998779726,themediterraneandish.com
Impression,2026/01/26,1000676596,themediterraneandish.com
Impression,2026/01/26,1011211446,themediterraneandish.com
Impression,2026/01/26,1012794296,SmartNews
Impression,2026/01/26,1012794296,themediterraneandish.com
Impression,2026/01/26,1014316716,yahoo.com
Impression,2026/01/26,1035483696,themediterraneandish.com
Impression,2026/01/26,1045880666,themediterraneandish.com
Impression,2026/01/26,1051142856,themediterraneandish.com
Impression,2026/01/26,1051943146,themediterraneandish.com
Impression,2026/01/26,1053146066,themediterraneandish.com
Impression,2026/01/26,1053383946,themediterraneandish.com
Impression,2026/01/26,1053483946,themediterraneandish.com
Impression,2026/01/26,1053951206,yahoo.com
Impression,2026/01/26,1054138566,yahoo.com
Impression,2026/01/26,1054582006,yahoo.com
Impression,2026/01/26,1055107636,yahoo.com
Impression,2026/01/26,1055207486,themediterraneandish.com
Impression,2026/01/26,1085080974,yahoo.com
Impression,2026/01/26,1090591314,yahoo.com
Impression,2026/01/26,1100592913,yahoo.com
Impression,2026/01/26,1109581343,themediterraneandish.com
Impression,2026/01/26,1124381134,yahoo.com
Impression,2026/01/26,1125780914,themediterraneandish.com
Impression,2026/01/26,1133485384,themediterraneandish.com
Impression,2026/01/26,1133786954,themediterraneandish.com
Impression,2026/01/26,1134486784,yahoo.com
Impression,2026/01/26,1159281553,themediterraneandish.com
Impression,2026/01/26,544929443,themediterraneandish.com
Impression,2026/01/26,713002784,yahoo.com
Impression,2026/01/26,863481043,themediterraneandish.com
Impression,2026/01/26,863560713,themediterraneandish.com
Impression,2026/01/26,863560723,themediterraneandish.com
Impression,2026/01/26,863620543,themediterraneandish.com
Impression,2026/01/26,863630343,themediterraneandish.com
Impression,2026/01/26,892917416,yahoo.com
Impression,2026/01/26,911191543,yahoo.com
Impression,2026/01/26,998209906,themediterraneandish.com
Impression,2026/01/27,1003150646,yahoo.com
Impression,2026/01/27,1052652576,themediterraneandish.com
Impression,2026/01/27,1127698374,unilad.com
Impression,2026/01/27,1131990044,dailymail.co.uk
Impression,2026/01/27,1134082254,yahoo.com
Impression,2026/01/27,1134194924,yahoo.com
Impression,2026/01/27,1134689054,dailymail.co.uk
Impression,2026/01/27,863560713,themediterraneandish.com
Impression,2026/01/27,863560723,themediterraneandish.com
Impression,2026/01/28,1051943146,themediterraneandish.com
Impression,2026/01/28,1056716916,themediterraneandish.com
Impression,2026/01/28,1057912986,themediterraneandish.com
Impression,2026/01/28,1058184566,themediterraneandish.com
Impression,2026/01/28,1116515603,themediterraneandish.com
Impression,2026/01/28,1128798024,themediterraneandish.com
Impression,2026/01/28,1132185784,themediterraneandish.com
Impression,2026/01/28,1133786954,themediterraneandish.com
Impression,2026/01/28,1134103084,themediterraneandish.com
Impression,2026/01/28,519269076,themediterraneandish.com
Impression,2026/01/28,863560713,themediterraneandish.com
Impression,2026/01/28,911211643,themediterraneandish.com
Impression,2026/01/28,969963763,themediterraneandish.com
Impression,2026/01/29,1124981194,reuters.com
Impression,2026/01/29,1126380864,reuters.com
Impression,2026/01/30,1004903646,themediterraneandish.com
Impression,2026/01/30,1047590496,themediterraneandish.com
Impression,2026/01/30,1074936724,RON Production
Impression,2026/01/30,1086488744,themediterraneandish.com
Impression,2026/01/30,1093180884,themediterraneandish.com
Impression,2026/01/30,1117384613,themediterraneandish.com
Impression,2026/01/30,1132281114,themediterraneandish.com
Impression,2026/01/30,1133303464,themediterraneandish.com
Impression,2026/01/30,1162489683,themediterraneandish.com
Impression,2026/01/30,1166690263,themediterraneandish.com
Impression,2026/01/30,863481043,Sudoku.com
Impression,2026/01/30,863560713,themediterraneandish.com
Impression,2026/01/30,863560723,themediterraneandish.com
Impression,2026/01/30,863620543,themediterraneandish.com
Impression,2026/01/30,863630343,themediterraneandish.com
Impression,2026/01/31,1003380666,themediterraneandish.com
Impression,2026/01/31,1012393626,themediterraneandish.com
Impression,2026/01/31,1050924036,nypost.com
Impression,2026/01/31,1060805616,themediterraneandish.com
Impression,2026/01/31,1074936724,themediterraneandish.com
Impression,2026/01/31,1122685363,eonline.com
Impression,2026/01/31,1136492544,eonline.com
Impression,2026/01/31,863560723,themediterraneandish.com
Impression,2026/01/31,878737633,themediterraneandish.com
Impression,2026/02/01,1013602046,nypost.com
Impression,2026/02/01,1083179824,nypost.com
Impression,2026/02/01,1093180884,nypost.com
Impression,2026/02/01,1116115473,nypost.com
Impression,2026/02/01,1123480744,nypost.com
Impression,2026/02/01,747812694,nypost.com
Impression,2026/02/02,1010893966,themediterraneandish.com
Impression,2026/02/02,1028884016,themediterraneandish.com
Impression,2026/02/02,1036965166,themediterraneandish.com
Impression,2026/02/02,1051943146,themediterraneandish.com
Impression,2026/02/02,1057114496,themediterraneandish.com
Impression,2026/02/02,1057912986,themediterraneandish.com
Impression,2026/02/02,1058184566,themediterraneandish.com
Impression,2026/02/02,1058810056,themediterraneandish.com
Impression,2026/02/02,1059058006,themediterraneandish.com
Impression,2026/02/02,1059529286,themediterraneandish.com
Impression,2026/02/02,1064800436,themediterraneandish.com
Impression,2026/02/02,1064983586,themediterraneandish.com
Impression,2026/02/02,1102686113,themediterraneandish.com
Impression,2026/02/02,1115514033,themediterraneandish.com
Impression,2026/02/02,1124381134,themediterraneandish.com
Impression,2026/02/02,1125381074,themediterraneandish.com
Impression,2026/02/02,1133007374,themediterraneandish.com
Impression,2026/02/02,1165389203,themediterraneandish.com
Impression,2026/02/02,1166690263,themediterraneandish.com
Impression,2026/02/02,1169191573,themediterraneandish.com
Impression,2026/02/02,1170388103,themediterraneandish.com
Impression,2026/02/02,544929443,themediterraneandish.com
Impression,2026/02/02,878737633,themediterraneandish.com
Impression,2026/02/02,990313113,themediterraneandish.com
Impression,2026/02/03,1003322576,themediterraneandish.com
Impression,2026/02/03,1058319086,themediterraneandish.com
Impression,2026/02/03,1063380336,themediterraneandish.com
Impression,2026/02/03,1064691066,themediterraneandish.com
Impression,2026/02/03,1070576804,themediterraneandish.com
Impression,2026/02/03,538068824,themediterraneandish.com
Impression,2026/02/03,538376914,themediterraneandish.com
Impression,2026/02/03,552776784,themediterraneandish.com
Impression,2026/02/03,869566904,themediterraneandish.com
Impression,2026/02/03,905533826,themediterraneandish.com
Impression,2026/02/03,962897126,themediterraneandish.com
Impression,2026/02/03,963897966,themediterraneandish.com
