Challenge Date,IP Address,User Agent,Country,Challenge Type
Sat Mar 02 20:50:11 UTC 2024,2607:fb91:1868:923d:78e3:db70:9af1:c63,"Mozilla/5.0 (iPhone; CPU iPhone OS 17_3_1 like Mac OS X) AppleWebKit/605.1.15 (KHTML, like Gecko) Mobile/15E148",Unknown,EMAIL_PIN_CHALLENGE
Sat Mar 02 20:50:47 UTC 2024,2607:fb91:1868:923d:78e3:db70:9af1:c63,"Mozilla/5.0 (iPhone; CPU iPhone OS 17_3_1 like Mac OS X) AppleWebKit/605.1.15 (KHTML, like Gecko) Mobile/15E148",Unknown,EMAIL_PIN_CHALLENGE
Sat Mar 16 01:08:06 UTC 2024,2607:fb90:9f0f:842e:40a1:4c67:992a:3d7a,"Mozilla/5.0 (Macintosh; Intel Mac OS X 10_15_7) AppleWebKit/537.36 (KHTML, like Gecko) Chrome/122.0.0.0 Safari/537.36",United States,EMAIL_PIN_CHALLENGE
Sat Mar 16 01:08:15 UTC 2024,2607:fb90:9f0f:842e:40a1:4c67:992a:3d7a,"Mozilla/5.0 (Macintosh; Intel Mac OS X 10_15_7) AppleWebKit/537.36 (KHTML, like Gecko) Chrome/122.0.0.0 Safari/537.36",United States,EMAIL_PIN_CHALLENGE
Sat Mar 16 01:09:00 UTC 2024,2607:fb90:9f0f:842e:40a1:4c67:992a:3d7a,"Mozilla/5.0 (Macintosh; Intel Mac OS X 10_15_7) AppleWebKit/537.36 (KHTML, like Gecko) Chrome/122.0.0.0 Safari/537.36",United States,EMAIL_PIN_CHALLENGE
Mon Mar 18 22:21:10 UTC 2024,2607:fb90:8b20:290:e018:c66d:3434:1b8a,"Mozilla/5.0 (iPhone; CPU iPhone OS 17_3_1 like Mac OS X) AppleWebKit/605.1.15 (KHTML, like Gecko) Version/17.3.1 Mobile/15E148 Safari/604.1",United States,EMAIL_PIN_CHALLENGE
Sat Mar 23 01:26:45 UTC 2024,68.65.175.5,"Mozilla/5.0 (iPhone; CPU iPhone OS 17_3_1 like Mac OS X) AppleWebKit/605.1.15 (KHTML, like Gecko) Version/17.3.1 Mobile/15E148 Safari/604.1",United States,EMAIL_PIN_CHALLENGE
Sat Mar 23 01:27:11 UTC 2024,68.65.175.5,"Mozilla/5.0 (iPhone; CPU iPhone OS 17_3_1 like Mac OS X) AppleWebKit/605.1.15 (KHTML, like Gecko) Version/17.3.1 Mobile/15E148 Safari/604.1",United States,EMAIL_PIN_CHALLENGE
Fri Jun 07 06:16:37 UTC 2024,208.56.42.0,"Mozilla/5.0 (Macintosh; Intel Mac OS X 10_15_7) AppleWebKit/537.36 (KHTML, like Gecko) Chrome/120.0.0.0 Safari/537.36",United States,SSP_BLOCKING_CHALLENGE
Fri Jun 07 06:16:46 UTC 2024,2607:fb90:8e8b:e28f:7dfe:e691:82c6:cb3,"Mozilla/5.0 (iPhone; CPU iPhone OS 17_5_1 like Mac OS X) AppleWebKit/605.1.15 (KHTML, like Gecko) Mobile/15E148 [LinkedInApp]/9.29.7597",United States,SSP_BLOCKING_CHALLENGE
Fri Jun 07 06:16:48 UTC 2024,2607:fb90:8e8b:e28f:7dfe:e691:82c6:cb3,"Mozilla/5.0 (iPhone; CPU iPhone OS 17_5_1 like Mac OS X) AppleWebKit/605.1.15 (KHTML, like Gecko) Mobile/15E148 [LinkedInApp]/9.29.7597",United States,LINKEDIN_APP_CHALLENGE
Fri Jun 07 06:16:49 UTC 2024,208.56.42.0,"Mozilla/5.0 (Macintosh; Intel Mac OS X 10_15_7) AppleWebKit/537.36 (KHTML, like Gecko) Chrome/120.0.0.0 Safari/537.36",United States,SSP_BLOCKING_CHALLENGE
Mon Jul 22 21:04:58 UTC 2024,2603:3024:18c5:100:4583:b49a:de5:8946,"Mozilla/5.0 (iPhone; CPU iPhone OS 17_5_1 like Mac OS X) AppleWebKit/605.1.15 (KHTML, like Gecko) Version/17.5 Mobile/15E148 Safari/604.1",United States,SSP_BLOCKING_CHALLENGE
Mon Jul 22 21:04:59 UTC 2024,2603:3024:18c5:100:4583:b49a:de5:8946,"Mozilla/5.0 (iPhone; CPU iPhone OS 17_5_1 like Mac OS X) AppleWebKit/605.1.15 (KHTML, like Gecko) Version/17.5 Mobile/15E148 Safari/604.1",United States,SSP_BLOCKING_CHALLENGE
Mon Jul 22 21:05:04 UTC 2024,2603:3024:18c5:100:4583:b49a:de5:8946,"Mozilla/5.0 (iPhone; CPU iPhone OS 17_5_1 like Mac OS X) AppleWebKit/605.1.15 (KHTML, like Gecko) Mobile/15E148 [LinkedInApp]/9.29.9067",United States,SSP_BLOCKING_CHALLENGE
Mon Jul 22 21:05:05 UTC 2024,2603:3024:18c5:100:4583:b49a:de5:8946,"Mozilla/5.0 (iPhone; CPU iPhone OS 17_5_1 like Mac OS X) AppleWebKit/605.1.15 (KHTML, like Gecko) Mobile/15E148 [LinkedInApp]/9.29.9067",United States,LINKEDIN_APP_CHALLENGE
Mon Jul 22 21:05:05 UTC 2024,2603:3024:18c5:100:4583:b49a:de5:8946,"Mozilla/5.0 (iPhone; CPU iPhone OS 17_5_1 like Mac OS X) AppleWebKit/605.1.15 (KHTML, like Gecko) Version/17.5 Mobile/15E148 Safari/604.1",United States,SSP_BLOCKING_CHALLENGE
Thu Aug 08 17:52:19 UTC 2024,2a0a:da45:2d6c:4a25:ca41:fab6:5436:5bb0,python-requests/2.31.0,United States,CAPTCHA_CHALLENGE
Thu Aug 08 17:52:19 UTC 2024,2a0a:da45:2d6c:4a25:ca41:fab6:5436:5bb0,python-requests/2.31.0,United States,CAPTCHA_CHALLENGE
Sat Oct 12 20:25:20 UTC 2024,2607:fb91:799d:a430:bded:258:e1b5:ef0d,"Mozilla/5.0 (Macintosh; Intel Mac OS X 10_15_7) AppleWebKit/537.36 (KHTML, like Gecko) Chrome/129.0.0.0 Safari/537.36",Unknown,SSP_BLOCKING_CHALLENGE
Sat Oct 12 20:25:29 UTC 2024,2607:fb90:a6b3:6721:2ca9:26ea:bab1:cdde,"Mozilla/5.0 (iPhone; CPU iPhone OS 18_0_1 like Mac OS X) AppleWebKit/605.1.15 (KHTML, like Gecko) Mobile/15E148 [LinkedInApp]/9.30.2819",United States,SSP_BLOCKING_CHALLENGE
Sat Oct 12 20:25:32 UTC 2024,2607:fb90:a6b3:6721:2ca9:26ea:bab1:cdde,"Mozilla/5.0 (iPhone; CPU iPhone OS 18_0_1 like Mac OS X) AppleWebKit/605.1.15 (KHTML, like Gecko) Mobile/15E148 [LinkedInApp]/9.30.2819",United States,LINKEDIN_APP_CHALLENGE
Sat Oct 12 20:25:32 UTC 2024,2607:fb91:799d:a430:bded:258:e1b5:ef0d,"Mozilla/5.0 (Macintosh; Intel Mac OS X 10_15_7) AppleWebKit/537.36 (KHTML, like Gecko) Chrome/129.0.0.0 Safari/537.36",Unknown,SSP_BLOCKING_CHALLENGE
Fri Feb 07 04:22:06 UTC 2025,172.210.134.196,"Mozilla/5.0 (X11; Linux x86_64) AppleWebKit/537.36 (KHTML, like Gecko) Chrome/130.0.0.0 Safari/537.36",France,CAPTCHA_CHALLENGE
Fri Feb 07 04:22:06 UTC 2025,172.210.134.196,"Mozilla/5.0 (X11; Linux x86_64) AppleWebKit/537.36 (KHTML, like Gecko) Chrome/130.0.0.0 Safari/537.36",France,CAPTCHA_CHALLENGE
Fri Feb 07 04:22:25 UTC 2025,172.210.134.196,"Mozilla/5.0 (X11; Linux x86_64) AppleWebKit/537.36 (KHTML, like Gecko) Chrome/130.0.0.0 Safari/537.36",France,CAPTCHA_CHALLENGE
Fri Feb 07 04:22:27 UTC 2025,172.210.134.196,"Mozilla/5.0 (X11; Linux x86_64) AppleWebKit/537.36 (KHTML, like Gecko) Chrome/130.0.0.0 Safari/537.36",France,EMAIL_PIN_CHALLENGE
Fri Feb 07 04:22:27 UTC 2025,172.210.134.196,"Mozilla/5.0 (X11; Linux x86_64) AppleWebKit/537.36 (KHTML, like Gecko) Chrome/130.0.0.0 Safari/537.36",France,EMAIL_PIN_CHALLENGE
Fri Feb 07 04:22:44 UTC 2025,172.210.134.196,"Mozilla/5.0 (X11; Linux x86_64) AppleWebKit/537.36 (KHTML, like Gecko) Chrome/130.0.0.0 Safari/537.36",France,EMAIL_PIN_CHALLENGE
Sun Feb 16 03:28:47 UTC 2025,,"Mozilla/5.0 (Macintosh; Intel Mac OS X 10_15_7) AppleWebKit/537.36 (KHTML, like Gecko) Chrome/133.0.0.0 Safari/537.36",Unknown,PASSWORD_CHALLENGE
Sun Feb 16 03:28:47 UTC 2025,,"Mozilla/5.0 (Macintosh; Intel Mac OS X 10_15_7) AppleWebKit/537.36 (KHTML, like Gecko) Chrome/133.0.0.0 Safari/537.36",Unknown,PASSWORD_CHALLENGE
Thu Mar 20 17:38:18 UTC 2025,179.107.190.84,"Mozilla/5.0 (Windows NT 10.0; Win64; x64) AppleWebKit/537.36 (KHTML, like Gecko) Chrome/114.0.0.0 Safari/537.36",Brazil,CAPTCHA_CHALLENGE
Thu Mar 20 17:38:18 UTC 2025,179.107.190.84,"Mozilla/5.0 (Windows NT 10.0; Win64; x64) AppleWebKit/537.36 (KHTML, like Gecko) Chrome/114.0.0.0 Safari/537.36",Brazil,CAPTCHA_CHALLENGE
Thu Mar 20 21:36:10 UTC 2025,45.162.191.217,"Mozilla/5.0 (Windows NT 10.0; Win64; x64) AppleWebKit/537.36 (KHTML, like Gecko) Chrome/114.0.0.0 Safari/537.36",Unknown,CAPTCHA_CHALLENGE
Thu Mar 20 21:36:10 UTC 2025,45.162.191.217,"Mozilla/5.0 (Windows NT 10.0; Win64; x64) AppleWebKit/537.36 (KHTML, like Gecko) Chrome/114.0.0.0 Safari/537.36",Unknown,CAPTCHA_CHALLENGE
Thu Mar 27 19:37:21 UTC 2025,2603:3024:18c5:100:71f5:1e53:c2a3:9d31,"Mozilla/5.0 (Macintosh; Intel Mac OS X 10_15_7) AppleWebKit/537.36 (KHTML, like Gecko) Chrome/133.0.0.0 Safari/537.36",United States,EMAIL_PIN_CHALLENGE
Thu Mar 27 19:37:21 UTC 2025,2603:3024:18c5:100:71f5:1e53:c2a3:9d31,"Mozilla/5.0 (Macintosh; Intel Mac OS X 10_15_7) AppleWebKit/537.36 (KHTML, like Gecko) Chrome/133.0.0.0 Safari/537.36",United States,EMAIL_PIN_CHALLENGE
Thu Mar 27 19:37:48 UTC 2025,2603:3024:18c5:100:71f5:1e53:c2a3:9d31,"Mozilla/5.0 (Macintosh; Intel Mac OS X 10_15_7) AppleWebKit/537.36 (KHTML, like Gecko) Chrome/133.0.0.0 Safari/537.36",United States,EMAIL_PIN_CHALLENGE
Thu Apr 03 23:50:47 UTC 2025,2603:3024:18c5:100:c0e1:8d21:fa12:60b0,"Mozilla/5.0 (Macintosh; Intel Mac OS X 10_15_7) AppleWebKit/537.36 (KHTML, like Gecko) Chrome/134.0.0.0 Safari/537.36",United States,CAPTCHA_CHALLENGE
Thu Apr 03 23:50:47 UTC 2025,2603:3024:18c5:100:c0e1:8d21:fa12:60b0,"Mozilla/5.0 (Macintosh; Intel Mac OS X 10_15_7) AppleWebKit/537.36 (KHTML, like Gecko) Chrome/134.0.0.0 Safari/537.36",United States,CAPTCHA_CHALLENGE
Thu Apr 03 23:51:01 UTC 2025,2603:3024:18c5:100:c0e1:8d21:fa12:60b0,"Mozilla/5.0 (Macintosh; Intel Mac OS X 10_15_7) AppleWebKit/537.36 (KHTML, like Gecko) Chrome/134.0.0.0 Safari/537.36",United States,CAPTCHA_CHALLENGE
Sat Apr 05 05:52:09 UTC 2025,47.44.253.170,"Mozilla/5.0 (Macintosh; Intel Mac OS X 10_15_7) AppleWebKit/537.36 (KHTML, like Gecko) Chrome/135.0.0.0 Safari/537.36",United States,CAPTCHA_CHALLENGE
Sat Apr 05 05:52:09 UTC 2025,47.44.253.170,"Mozilla/5.0 (Macintosh; Intel Mac OS X 10_15_7) AppleWebKit/537.36 (KHTML, like Gecko) Chrome/135.0.0.0 Safari/537.36",United States,CAPTCHA_CHALLENGE
Sat Apr 05 05:52:56 UTC 2025,47.44.253.170,"Mozilla/5.0 (Macintosh; Intel Mac OS X 10_15_7) AppleWebKit/537.36 (KHTML, like Gecko) Chrome/135.0.0.0 Safari/537.36",United States,CAPTCHA_CHALLENGE
Sun Apr 06 00:49:50 UTC 2025,2a09:bac3:63f9:1232:0:0:1d0:d1,"Mozilla/5.0 (iPhone; CPU iPhone OS 18_3_2 like Mac OS X) AppleWebKit/605.1.15 (KHTML, like Gecko) Version/18.3.1 Mobile/15E148 Safari/604.1",Unknown,SSP_BLOCKING_CHALLENGE
Sun Apr 06 00:49:55 UTC 2025,2607:fb90:8b28:46a5:c4a7:4771:d372:a267,"Mozilla/5.0 (iPhone; CPU iPhone OS 18_3_2 like Mac OS X) AppleWebKit/605.1.15 (KHTML, like Gecko) Mobile/15E148 [LinkedInApp]/9.30.9628",United States,SSP_BLOCKING_CHALLENGE
Sun Apr 06 00:49:58 UTC 2025,2607:fb90:8b28:46a5:c4a7:4771:d372:a267,"Mozilla/5.0 (iPhone; CPU iPhone OS 18_3_2 like Mac OS X) AppleWebKit/605.1.15 (KHTML, like Gecko) Mobile/15E148 [LinkedInApp]/9.30.9628",United States,LINKEDIN_APP_CHALLENGE
Sun Apr 06 04:27:41 UTC 2025,2603:3024:18c5:100:e92d:dd4a:c567:695d,"Mozilla/5.0 (iPhone; CPU iPhone OS 18_3_2 like Mac OS X) AppleWebKit/605.1.15 (KHTML, like Gecko) Version/18.3.1 Mobile/15E148 Safari/604.1",United States,CAPTCHA_CHALLENGE
Sun Apr 06 04:27:41 UTC 2025,2603:3024:18c5:100:e92d:dd4a:c567:695d,"Mozilla/5.0 (iPhone; CPU iPhone OS 18_3_2 like Mac OS X) AppleWebKit/605.1.15 (KHTML, like Gecko) Version/18.3.1 Mobile/15E148 Safari/604.1",United States,CAPTCHA_CHALLENGE
Sun Apr 06 04:27:52 UTC 2025,2603:3024:18c5:100:e92d:dd4a:c567:695d,"Mozilla/5.0 (iPhone; CPU iPhone OS 18_3_2 like Mac OS X) AppleWebKit/605.1.15 (KHTML, like Gecko) Version/18.3.1 Mobile/15E148 Safari/604.1",United States,CAPTCHA_CHALLENGE
Sun Apr 06 18:28:33 UTC 2025,2603:3024:18c5:100:e883:ddfe:e60e:71e6,"Mozilla/5.0 (Macintosh; Intel Mac OS X 10_15_7) AppleWebKit/537.36 (KHTML, like Gecko) Chrome/135.0.0.0 Safari/537.36",United States,CAPTCHA_CHALLENGE
Sun Apr 06 18:28:33 UTC 2025,2603:3024:18c5:100:e883:ddfe:e60e:71e6,"Mozilla/5.0 (Macintosh; Intel Mac OS X 10_15_7) AppleWebKit/537.36 (KHTML, like Gecko) Chrome/135.0.0.0 Safari/537.36",United States,CAPTCHA_CHALLENGE
Sun Apr 06 18:28:42 UTC 2025,2603:3024:18c5:100:e883:ddfe:e60e:71e6,"Mozilla/5.0 (Macintosh; Intel Mac OS X 10_15_7) AppleWebKit/537.36 (KHTML, like Gecko) Chrome/135.0.0.0 Safari/537.36",United States,CAPTCHA_CHALLENGE
Wed Apr 09 05:17:12 UTC 2025,104.28.124.178,"Mozilla/5.0 (iPhone; CPU iPhone OS 18_3_2 like Mac OS X) AppleWebKit/605.1.15 (KHTML, like Gecko) Version/18.3.1 Mobile/15E148 Safari/604.1",United States,CAPTCHA_CHALLENGE
Wed Apr 09 05:17:12 UTC 2025,104.28.124.178,"Mozilla/5.0 (iPhone; CPU iPhone OS 18_3_2 like Mac OS X) AppleWebKit/605.1.15 (KHTML, like Gecko) Version/18.3.1 Mobile/15E148 Safari/604.1",United States,CAPTCHA_CHALLENGE
Wed Apr 09 05:17:22 UTC 2025,104.28.124.178,"Mozilla/5.0 (iPhone; CPU iPhone OS 18_3_2 like Mac OS X) AppleWebKit/605.1.15 (KHTML, like Gecko) Version/18.3.1 Mobile/15E148 Safari/604.1",United States,CAPTCHA_CHALLENGE
Thu Apr 10 18:09:08 UTC 2025,68.65.175.47,"Mozilla/5.0 (Macintosh; Intel Mac OS X 10_15_7) AppleWebKit/537.36 (KHTML, like Gecko) Chrome/135.0.0.0 Safari/537.36",United States,EMAIL_PIN_CHALLENGE
Thu Apr 10 18:09:08 UTC 2025,68.65.175.47,"Mozilla/5.0 (Macintosh; Intel Mac OS X 10_15_7) AppleWebKit/537.36 (KHTML, like Gecko) Chrome/135.0.0.0 Safari/537.36",United States,EMAIL_PIN_CHALLENGE
Thu Apr 10 18:09:55 UTC 2025,68.65.175.47,"Mozilla/5.0 (Macintosh; Intel Mac OS X 10_15_7) AppleWebKit/537.36 (KHTML, like Gecko) Chrome/135.0.0.0 Safari/537.36",United States,EMAIL_PIN_CHALLENGE
Tue May 06 21:26:00 UTC 2025,2607:fb90:9e90:320:c9cb:e5f1:336:9f14,"Mozilla/5.0 (iPhone; CPU iPhone OS 18_4_1 like Mac OS X) AppleWebKit/605.1.15 (KHTML, like Gecko) Mobile/15E148",United States,SSP_BLOCKING_CHALLENGE
Tue May 06 21:26:05 UTC 2025,2607:fb90:9e90:320:c9cb:e5f1:336:9f14,"Mozilla/5.0 (iPhone; CPU iPhone OS 18_4_1 like Mac OS X) AppleWebKit/605.1.15 (KHTML, like Gecko) Mobile/15E148 [LinkedInApp]/9.31.802",United States,SSP_BLOCKING_CHALLENGE
Tue May 06 21:26:07 UTC 2025,2607:fb90:9e90:320:c9cb:e5f1:336:9f14,"Mozilla/5.0 (iPhone; CPU iPhone OS 18_4_1 like Mac OS X) AppleWebKit/605.1.15 (KHTML, like Gecko) Mobile/15E148 [LinkedInApp]/9.31.802",United States,LINKEDIN_APP_CHALLENGE
Tue May 06 21:28:22 UTC 2025,2607:fb90:9e90:320:c9cb:e5f1:336:9f14,"Mozilla/5.0 (iPhone; CPU iPhone OS 18_4_1 like Mac OS X) AppleWebKit/605.1.15 (KHTML, like Gecko) Mobile/15E148",United States,SSP_BLOCKING_CHALLENGE
Sat May 24 16:45:22 UTC 2025,156.228.184.87,"Mozilla/5.0 (Windows NT 10.0; Win64; x64) AppleWebKit/537.36 (KHTML, like Gecko) Chrome/114.0.0.0 Safari/537.36",South Africa,CAPTCHA_CHALLENGE
Sat May 24 16:45:22 UTC 2025,156.228.184.87,"Mozilla/5.0 (Windows NT 10.0; Win64; x64) AppleWebKit/537.36 (KHTML, like Gecko) Chrome/114.0.0.0 Safari/537.36",South Africa,CAPTCHA_CHALLENGE
Sat May 24 17:21:13 UTC 2025,156.228.125.66,"Mozilla/5.0 (Windows NT 10.0; Win64; x64) AppleWebKit/537.36 (KHTML, like Gecko) Chrome/114.0.0.0 Safari/537.36",South Africa,CAPTCHA_CHALLENGE
Sat May 24 17:21:13 UTC 2025,156.228.125.66,"Mozilla/5.0 (Windows NT 10.0; Win64; x64) AppleWebKit/537.36 (KHTML, like Gecko) Chrome/114.0.0.0 Safari/537.36",South Africa,CAPTCHA_CHALLENGE
Sat May 24 17:21:17 UTC 2025,156.228.175.136,"Mozilla/5.0 (Windows NT 10.0; Win64; x64) AppleWebKit/537.36 (KHTML, like Gecko) Chrome/114.0.0.0 Safari/537.36",South Africa,CAPTCHA_CHALLENGE
Sat May 24 17:21:17 UTC 2025,156.228.175.136,"Mozilla/5.0 (Windows NT 10.0; Win64; x64) AppleWebKit/537.36 (KHTML, like Gecko) Chrome/114.0.0.0 Safari/537.36",South Africa,CAPTCHA_CHALLENGE
Sat May 24 18:30:54 UTC 2025,45.202.76.23,"Mozilla/5.0 (Windows NT 10.0; Win64; x64) AppleWebKit/537.36 (KHTML, like Gecko) Chrome/114.0.0.0 Safari/537.36",South Africa,CAPTCHA_CHALLENGE
Sat May 24 18:30:54 UTC 2025,45.202.76.23,"Mozilla/5.0 (Windows NT 10.0; Win64; x64) AppleWebKit/537.36 (KHTML, like Gecko) Chrome/114.0.0.0 Safari/537.36",South Africa,CAPTCHA_CHALLENGE
Wed Jul 09 20:21:24 UTC 2025,69.181.22.238,"Mozilla/5.0 (Macintosh; Intel Mac OS X 10_15_7) AppleWebKit/537.36 (KHTML, like Gecko) Chrome/138.0.0.0 Safari/537.36",United States,SSP_BLOCKING_CHALLENGE
Wed Jul 09 20:21:36 UTC 2025,2603:3024:18c5:100:38ab:3f1a:a701:ff3a,"Mozilla/5.0 (iPhone; CPU iPhone OS 18_5 like Mac OS X) AppleWebKit/605.1.15 (KHTML, like Gecko) Mobile/15E148 [LinkedInApp]/9.31.2720",United States,SSP_BLOCKING_CHALLENGE
Wed Jul 09 20:21:39 UTC 2025,2603:3024:18c5:100:38ab:3f1a:a701:ff3a,"Mozilla/5.0 (iPhone; CPU iPhone OS 18_5 like Mac OS X) AppleWebKit/605.1.15 (KHTML, like Gecko) Mobile/15E148 [LinkedInApp]/9.31.2720",United States,LINKEDIN_APP_CHALLENGE
Wed Jul 09 20:21:40 UTC 2025,69.181.22.238,"Mozilla/5.0 (Macintosh; Intel Mac OS X 10_15_7) AppleWebKit/537.36 (KHTML, like Gecko) Chrome/138.0.0.0 Safari/537.36",United States,SSP_BLOCKING_CHALLENGE
Thu Jul 10 21:31:41 UTC 2025,2607:fb90:9e0c:8909:dc80:79a7:91f9:5195,LIAuthLibrary:44.0.* com.linkedin.LinkedIn:9.31.2856 iPhone:18.5,United States,EMAIL_PIN_CHALLENGE
Thu Jul 10 21:31:41 UTC 2025,2607:fb90:9e0c:8909:dc80:79a7:91f9:5195,LIAuthLibrary:44.0.* com.linkedin.LinkedIn:9.31.2856 iPhone:18.5,United States,EMAIL_PIN_CHALLENGE
Thu Jul 10 22:49:38 UTC 2025,2607:fb90:9e0c:8909:dc80:79a7:91f9:5195,LIAuthLibrary:44.0.* com.linkedin.LinkedIn:9.31.2856 iPhone:18.5,United States,EMAIL_PIN_CHALLENGE
Thu Jul 10 22:49:38 UTC 2025,2607:fb90:9e0c:8909:dc80:79a7:91f9:5195,LIAuthLibrary:44.0.* com.linkedin.LinkedIn:9.31.2856 iPhone:18.5,United States,EMAIL_PIN_CHALLENGE
Thu Jul 10 22:50:46 UTC 2025,2607:fb90:9e0c:8909:dc80:79a7:91f9:5195,LIAuthLibrary:44.0.* com.linkedin.LinkedIn:9.31.2856 iPhone:18.5,United States,EMAIL_PIN_CHALLENGE
Fri Jul 11 02:57:34 UTC 2025,2603:3024:18c5:100:f40d:d0b7:7f48:3ec1,"Mozilla/5.0 (Macintosh; Intel Mac OS X 10_15_7) AppleWebKit/537.36 (KHTML, like Gecko) Chrome/137.0.0.0 Safari/537.36",United States,REHAB_RESTRICTION_CHALLENGE
Fri Jul 11 02:57:34 UTC 2025,2603:3024:18c5:100:f40d:d0b7:7f48:3ec1,"Mozilla/5.0 (Macintosh; Intel Mac OS X 10_15_7) AppleWebKit/537.36 (KHTML, like Gecko) Chrome/137.0.0.0 Safari/537.36",United States,REHAB_RESTRICTION_CHALLENGE
Fri Jul 11 02:57:38 UTC 2025,2603:3024:18c5:100:f40d:d0b7:7f48:3ec1,"Mozilla/5.0 (Macintosh; Intel Mac OS X 10_15_7) AppleWebKit/537.36 (KHTML, like Gecko) Chrome/137.0.0.0 Safari/537.36",United States,REHAB_RESTRICTION_CHALLENGE
Sat Jul 12 20:54:54 UTC 2025,2a09:bac2:655e:1232:0:0:1d0:e3,"Mozilla/5.0 (iPhone; CPU iPhone OS 18_5 like Mac OS X) AppleWebKit/605.1.15 (KHTML, like Gecko) Version/18.5 Mobile/15E148 Safari/604.1",Unknown,SSP_BLOCKING_CHALLENGE
Sat Jul 12 20:54:56 UTC 2025,2a09:bac2:655e:1232:0:0:1d0:e3,"Mozilla/5.0 (iPhone; CPU iPhone OS 18_5 like Mac OS X) AppleWebKit/605.1.15 (KHTML, like Gecko) Version/18.5 Mobile/15E148 Safari/604.1",Unknown,SSP_BLOCKING_CHALLENGE
Sat Jul 12 20:55:00 UTC 2025,2607:fb90:dd82:c404:848d:905c:e2af:5bb,"Mozilla/5.0 (iPhone; CPU iPhone OS 18_5 like Mac OS X) AppleWebKit/605.1.15 (KHTML, like Gecko) Mobile/15E148 [LinkedInApp]/9.31.3056",United States,SSP_BLOCKING_CHALLENGE
Sat Jul 12 20:55:02 UTC 2025,2607:fb90:dd82:c404:848d:905c:e2af:5bb,"Mozilla/5.0 (iPhone; CPU iPhone OS 18_5 like Mac OS X) AppleWebKit/605.1.15 (KHTML, like Gecko) Mobile/15E148 [LinkedInApp]/9.31.3056",United States,LINKEDIN_APP_CHALLENGE
Sat Jul 12 20:55:44 UTC 2025,2a09:bac3:6558:1232:0:0:1d0:e1,"Mozilla/5.0 (iPhone; CPU iPhone OS 18_5 like Mac OS X) AppleWebKit/605.1.15 (KHTML, like Gecko) Version/18.5 Mobile/15E148 Safari/604.1",Unknown,SSP_BLOCKING_CHALLENGE
Sat Jul 12 20:55:53 UTC 2025,2a09:bac3:6558:1232:0:0:1d0:e1,"Mozilla/5.0 (iPhone; CPU iPhone OS 18_5 like Mac OS X) AppleWebKit/605.1.15 (KHTML, like Gecko) Version/18.5 Mobile/15E148 Safari/604.1",Unknown,SSP_BLOCKING_CHALLENGE
Sat Jul 12 20:55:55 UTC 2025,2607:fb90:dd82:c404:848d:905c:e2af:5bb,"Mozilla/5.0 (iPhone; CPU iPhone OS 18_5 like Mac OS X) AppleWebKit/605.1.15 (KHTML, like Gecko) Mobile/15E148 [LinkedInApp]/9.31.3056",United States,SSP_BLOCKING_CHALLENGE
Sat Jul 12 20:55:57 UTC 2025,2607:fb90:dd82:c404:848d:905c:e2af:5bb,"Mozilla/5.0 (iPhone; CPU iPhone OS 18_5 like Mac OS X) AppleWebKit/605.1.15 (KHTML, like Gecko) Mobile/15E148 [LinkedInApp]/9.31.3056",United States,LINKEDIN_APP_CHALLENGE
Sat Jul 12 20:56:00 UTC 2025,2a09:bac3:6558:1232:0:0:1d0:e1,"Mozilla/5.0 (iPhone; CPU iPhone OS 18_5 like Mac OS X) AppleWebKit/605.1.15 (KHTML, like Gecko) Version/18.5 Mobile/15E148 Safari/604.1",Unknown,SSP_BLOCKING_CHALLENGE
Sat Jul 12 20:59:57 UTC 2025,2a02:26f7:c344:8013:0:3000:0:7,"Mozilla/5.0 (iPhone; CPU iPhone OS 18_5 like Mac OS X) AppleWebKit/605.1.15 (KHTML, like Gecko) Version/18.5 Mobile/15E148 Safari/604.1",Unknown,SSP_BLOCKING_CHALLENGE
Sat Jul 12 20:59:58 UTC 2025,2a02:26f7:c344:8013:0:3000:0:7,"Mozilla/5.0 (iPhone; CPU iPhone OS 18_5 like Mac OS X) AppleWebKit/605.1.15 (KHTML, like Gecko) Version/18.5 Mobile/15E148 Safari/604.1",Unknown,SSP_BLOCKING_CHALLENGE
Mon Jul 14 06:49:06 UTC 2025,209.127.191.58,"Mozilla/5.0 (Windows NT 10.0; Win64; x64) AppleWebKit/537.36 (KHTML, like Gecko) Chrome/99.0.4844.74 Safari/537.36",United States,CAPTCHA_CHALLENGE
Mon Jul 14 06:49:06 UTC 2025,209.127.191.58,"Mozilla/5.0 (Windows NT 10.0; Win64; x64) AppleWebKit/537.36 (KHTML, like Gecko) Chrome/99.0.4844.74 Safari/537.36",United States,CAPTCHA_CHALLENGE
Tue Sep 02 07:02:12 UTC 2025,34.53.117.66,"Mozilla/5.0 (X11; Linux x86_64) AppleWebKit/537.36 (KHTML, like Gecko) Chrome/139.0.0.0 Safari/537.36",United States,SSP_BLOCKING_CHALLENGE
Tue Sep 02 07:02:28 UTC 2025,2603:3024:18c5:100:e5a9:eb3a:dea5:3fc0,"Mozilla/5.0 (iPhone; CPU iPhone OS 18_6_2 like Mac OS X) AppleWebKit/605.1.15 (KHTML, like Gecko) Mobile/15E148 [LinkedInApp]/9.31.4578",United States,SSP_BLOCKING_CHALLENGE
Tue Sep 02 07:02:31 UTC 2025,2603:3024:18c5:100:e5a9:eb3a:dea5:3fc0,"Mozilla/5.0 (iPhone; CPU iPhone OS 18_6_2 like Mac OS X) AppleWebKit/605.1.15 (KHTML, like Gecko) Mobile/15E148 [LinkedInApp]/9.31.4578",United States,LINKEDIN_APP_CHALLENGE
Tue Sep 02 07:02:34 UTC 2025,34.53.117.66,"Mozilla/5.0 (X11; Linux x86_64) AppleWebKit/537.36 (KHTML, like Gecko) Chrome/139.0.0.0 Safari/537.36",United States,SSP_BLOCKING_CHALLENGE
Sat Oct 25 04:48:15 UTC 2025,2603:3024:18c5:100:3001:8e4e:de1b:98bf,"Mozilla/5.0 (Macintosh; Intel Mac OS X 10_15_7) AppleWebKit/537.36 (KHTML, like Gecko) Chrome/141.0.0.0 Safari/537.36",United States,SSP_BLOCKING_CHALLENGE
Sat Oct 25 04:49:00 UTC 2025,2607:fb90:9e0f:c8d3:b152:e308:4e14:7477,"Mozilla/5.0 (iPhone; CPU iPhone OS 18_7 like Mac OS X) AppleWebKit/605.1.15 (KHTML, like Gecko) Mobile/15E148 [LinkedInApp]/9.31.6049",United States,SSP_BLOCKING_CHALLENGE
Sat Oct 25 04:49:03 UTC 2025,2607:fb90:9e0f:c8d3:b152:e308:4e14:7477,"Mozilla/5.0 (iPhone; CPU iPhone OS 18_7 like Mac OS X) AppleWebKit/605.1.15 (KHTML, like Gecko) Mobile/15E148 [LinkedInApp]/9.31.6049",United States,LINKEDIN_APP_CHALLENGE
Sat Oct 25 04:49:04 UTC 2025,2603:3024:18c5:100:3001:8e4e:de1b:98bf,"Mozilla/5.0 (Macintosh; Intel Mac OS X 10_15_7) AppleWebKit/537.36 (KHTML, like Gecko) Chrome/141.0.0.0 Safari/537.36",United States,SSP_BLOCKING_CHALLENGE
Sat Oct 25 04:49:18 UTC 2025,2603:3024:18c5:100:3001:8e4e:de1b:98bf,"Mozilla/5.0 (Macintosh; Intel Mac OS X 10_15_7) AppleWebKit/537.36 (KHTML, like Gecko) Chrome/141.0.0.0 Safari/537.36",United States,PIN_CHALLENGE
Sat Oct 25 04:49:35 UTC 2025,2603:3024:18c5:100:3001:8e4e:de1b:98bf,"Mozilla/5.0 (Macintosh; Intel Mac OS X 10_15_7) AppleWebKit/537.36 (KHTML, like Gecko) Chrome/141.0.0.0 Safari/537.36",United States,PIN_CHALLENGE
Sat Oct 25 04:50:08 UTC 2025,2603:3024:18c5:100:3001:8e4e:de1b:98bf,"Mozilla/5.0 (Macintosh; Intel Mac OS X 10_15_7) AppleWebKit/537.36 (KHTML, like Gecko) Chrome/141.0.0.0 Safari/537.36",United States,PIN_CHALLENGE
Sat Oct 25 04:50:22 UTC 2025,2603:3024:18c5:100:3001:8e4e:de1b:98bf,"Mozilla/5.0 (Macintosh; Intel Mac OS X 10_15_7) AppleWebKit/537.36 (KHTML, like Gecko) Chrome/141.0.0.0 Safari/537.36",United States,PIN_CHALLENGE
Sat Oct 25 06:03:53 UTC 2025,2607:fb90:9e0f:c8d3:b152:e308:4e14:7477,LIAuthLibrary:44.0.* com.linkedin.LinkedIn:9.31.6049 iPhone:26.0.1,United States,TWO_STEP_VERIFICATION
Sat Oct 25 06:03:53 UTC 2025,2607:fb90:9e0f:c8d3:b152:e308:4e14:7477,LIAuthLibrary:44.0.* com.linkedin.LinkedIn:9.31.6049 iPhone:26.0.1,United States,TWO_STEP_VERIFICATION
Sat Oct 25 06:04:01 UTC 2025,2607:fb90:9e0f:c8d3:b152:e308:4e14:7477,LIAuthLibrary:44.0.* com.linkedin.LinkedIn:9.31.6049 iPhone:26.0.1,United States,TWO_STEP_VERIFICATION
Sat Oct 25 07:21:45 UTC 2025,2603:3024:18c5:100:3001:8e4e:de1b:98bf,"Mozilla/5.0 (Macintosh; Intel Mac OS X 10_15_7) AppleWebKit/537.36 (KHTML, like Gecko) Chrome/141.0.0.0 Safari/537.36",United States,LINKEDIN_APP_CHALLENGE
Sat Oct 25 07:21:48 UTC 2025,2603:3024:18c5:100:3001:8e4e:de1b:98bf,"Mozilla/5.0 (Macintosh; Intel Mac OS X 10_15_7) AppleWebKit/537.36 (KHTML, like Gecko) Chrome/141.0.0.0 Safari/537.36",United States,LINKEDIN_APP_CHALLENGE
Sat Oct 25 07:21:50 UTC 2025,2603:3024:18c5:100:3001:8e4e:de1b:98bf,"Mozilla/5.0 (Macintosh; Intel Mac OS X 10_15_7) AppleWebKit/537.36 (KHTML, like Gecko) Chrome/141.0.0.0 Safari/537.36",United States,TWO_STEP_VERIFICATION
Sat Oct 25 07:21:50 UTC 2025,2603:3024:18c5:100:3001:8e4e:de1b:98bf,"Mozilla/5.0 (Macintosh; Intel Mac OS X 10_15_7) AppleWebKit/537.36 (KHTML, like Gecko) Chrome/141.0.0.0 Safari/537.36",United States,TWO_STEP_VERIFICATION
Sat Oct 25 07:22:07 UTC 2025,2603:3024:18c5:100:3001:8e4e:de1b:98bf,"Mozilla/5.0 (Macintosh; Intel Mac OS X 10_15_7) AppleWebKit/537.36 (KHTML, like Gecko) Chrome/141.0.0.0 Safari/537.36",United States,TWO_STEP_VERIFICATION
Sun Oct 26 05:04:52 UTC 2025,2603:3024:18c5:100:3001:8e4e:de1b:98bf,"Mozilla/5.0 (Macintosh; Intel Mac OS X 10_15_7) AppleWebKit/537.36 (KHTML, like Gecko) Chrome/141.0.0.0 Safari/537.36",United States,LINKEDIN_APP_CHALLENGE
Sun Oct 26 05:05:00 UTC 2025,2603:3024:18c5:100:585e:7259:2e62:e9b8,"Mozilla/5.0 (iPhone; CPU iPhone OS 18_7 like Mac OS X) AppleWebKit/605.1.15 (KHTML, like Gecko) Mobile/15E148 [LinkedInApp]/9.31.6049",United States,LINKEDIN_APP_CHALLENGE
Sun Oct 26 05:05:04 UTC 2025,2603:3024:18c5:100:585e:7259:2e62:e9b8,"Mozilla/5.0 (iPhone; CPU iPhone OS 18_7 like Mac OS X) AppleWebKit/605.1.15 (KHTML, like Gecko) Mobile/15E148 [LinkedInApp]/9.31.6049",United States,LINKEDIN_APP_CHALLENGE
Sun Oct 26 05:05:08 UTC 2025,2603:3024:18c5:100:3001:8e4e:de1b:98bf,"Mozilla/5.0 (Macintosh; Intel Mac OS X 10_15_7) AppleWebKit/537.36 (KHTML, like Gecko) Chrome/141.0.0.0 Safari/537.36",United States,LINKEDIN_APP_CHALLENGE
Tue Nov 04 23:45:01 UTC 2025,2a04:4e41:6401:21ff:0:0:bba1:d1ff,"Mozilla/5.0 (iPhone; CPU iPhone OS 18_7 like Mac OS X) AppleWebKit/605.1.15 (KHTML, like Gecko) Version/26.0.1 Mobile/15E148 Safari/604.1",Unknown,LINKEDIN_APP_CHALLENGE
Tue Nov 04 23:45:07 UTC 2025,2607:fb90:dd9c:42db:499:42a4:601e:4e55,"Mozilla/5.0 (iPhone; CPU iPhone OS 18_7 like Mac OS X) AppleWebKit/605.1.15 (KHTML, like Gecko) Mobile/15E148 [LinkedInApp]/9.31.6098",United States,LINKEDIN_APP_CHALLENGE
Tue Nov 04 23:45:09 UTC 2025,2607:fb90:dd9c:42db:499:42a4:601e:4e55,"Mozilla/5.0 (iPhone; CPU iPhone OS 18_7 like Mac OS X) AppleWebKit/605.1.15 (KHTML, like Gecko) Mobile/15E148 [LinkedInApp]/9.31.6098",United States,LINKEDIN_APP_CHALLENGE
Tue Nov 04 23:45:47 UTC 2025,2a09:bac2:655e:1250:0:0:1d3:45,"Mozilla/5.0 (iPhone; CPU iPhone OS 18_7 like Mac OS X) AppleWebKit/605.1.15 (KHTML, like Gecko) Version/26.0.1 Mobile/15E148 Safari/604.1",Unknown,LINKEDIN_APP_CHALLENGE
Tue Nov 04 23:45:54 UTC 2025,2a09:bac2:655e:1250:0:0:1d3:45,"Mozilla/5.0 (iPhone; CPU iPhone OS 18_7 like Mac OS X) AppleWebKit/605.1.15 (KHTML, like Gecko) Version/26.0.1 Mobile/15E148 Safari/604.1",Unknown,LINKEDIN_APP_CHALLENGE
Tue Nov 04 23:45:54 UTC 2025,2a09:bac2:655e:1250:0:0:1d3:45,"Mozilla/5.0 (iPhone; CPU iPhone OS 18_7 like Mac OS X) AppleWebKit/605.1.15 (KHTML, like Gecko) Version/26.0.1 Mobile/15E148 Safari/604.1",Unknown,LINKEDIN_APP_CHALLENGE
Tue Nov 04 23:46:01 UTC 2025,2607:fb90:dd9c:42db:499:42a4:601e:4e55,"Mozilla/5.0 (iPhone; CPU iPhone OS 18_7 like Mac OS X) AppleWebKit/605.1.15 (KHTML, like Gecko) Mobile/15E148 [LinkedInApp]/9.31.6098",United States,LINKEDIN_APP_CHALLENGE
Tue Nov 04 23:46:03 UTC 2025,2607:fb90:dd9c:42db:499:42a4:601e:4e55,"Mozilla/5.0 (iPhone; CPU iPhone OS 18_7 like Mac OS X) AppleWebKit/605.1.15 (KHTML, like Gecko) Mobile/15E148 [LinkedInApp]/9.31.6098",United States,LINKEDIN_APP_CHALLENGE
Thu Nov 06 06:26:58 UTC 2025,2603:3024:18c5:100:9c63:6753:f99:7840,"Mozilla/5.0 (Macintosh; Intel Mac OS X 10_15_7) AppleWebKit/605.1.15 (KHTML, like Gecko) Version/26.1 Safari/605.1.15",United States,LINKEDIN_APP_CHALLENGE
Thu Nov 06 06:27:01 UTC 2025,2603:3024:18c5:100:9c63:6753:f99:7840,"Mozilla/5.0 (Macintosh; Intel Mac OS X 10_15_7) AppleWebKit/605.1.15 (KHTML, like Gecko) Version/26.1 Safari/605.1.15",United States,LINKEDIN_APP_CHALLENGE
Thu Nov 06 06:27:03 UTC 2025,2603:3024:18c5:100:9c63:6753:f99:7840,"Mozilla/5.0 (Macintosh; Intel Mac OS X 10_15_7) AppleWebKit/605.1.15 (KHTML, like Gecko) Version/26.1 Safari/605.1.15",United States,TWO_STEP_VERIFICATION
Thu Nov 06 06:27:03 UTC 2025,2603:3024:18c5:100:9c63:6753:f99:7840,"Mozilla/5.0 (Macintosh; Intel Mac OS X 10_15_7) AppleWebKit/605.1.15 (KHTML, like Gecko) Version/26.1 Safari/605.1.15",United States,TWO_STEP_VERIFICATION
Thu Nov 06 06:27:07 UTC 2025,2603:3024:18c5:100:9c63:6753:f99:7840,"Mozilla/5.0 (Macintosh; Intel Mac OS X 10_15_7) AppleWebKit/605.1.15 (KHTML, like Gecko) Version/26.1 Safari/605.1.15",United States,TWO_STEP_VERIFICATION
Fri Nov 21 04:54:23 UTC 2025,66.135.132.101,"Mozilla/5.0 (Macintosh; Intel Mac OS X 10_15_7) AppleWebKit/537.36 (KHTML, like Gecko) Chrome/142.0.0.0 Safari/537.36",United States,EMAIL_PIN_CHALLENGE
Fri Nov 21 04:54:23 UTC 2025,66.135.132.101,"Mozilla/5.0 (Macintosh; Intel Mac OS X 10_15_7) AppleWebKit/537.36 (KHTML, like Gecko) Chrome/142.0.0.0 Safari/537.36",United States,EMAIL_PIN_CHALLENGE
Fri Nov 21 04:55:04 UTC 2025,66.135.132.101,"Mozilla/5.0 (Macintosh; Intel Mac OS X 10_15_7) AppleWebKit/537.36 (KHTML, like Gecko) Chrome/142.0.0.0 Safari/537.36",United States,EMAIL_PIN_CHALLENGE
Wed Dec 03 00:40:48 UTC 2025,2603:3024:18c5:100:7453:907:2094:2f8a,"Mozilla/5.0 (Macintosh; Intel Mac OS X 10_15_7) AppleWebKit/537.36 (KHTML, like Gecko) Chrome/142.0.0.0 Safari/537.36",United States,LINKEDIN_APP_CHALLENGE
Wed Dec 03 00:40:53 UTC 2025,2603:3024:18c5:100:7453:907:2094:2f8a,"Mozilla/5.0 (Macintosh; Intel Mac OS X 10_15_7) AppleWebKit/537.36 (KHTML, like Gecko) Chrome/142.0.0.0 Safari/537.36",United States,LINKEDIN_APP_CHALLENGE
Wed Dec 03 00:40:55 UTC 2025,2603:3024:18c5:100:7453:907:2094:2f8a,"Mozilla/5.0 (Macintosh; Intel Mac OS X 10_15_7) AppleWebKit/537.36 (KHTML, like Gecko) Chrome/142.0.0.0 Safari/537.36",United States,TWO_STEP_VERIFICATION
Wed Dec 03 00:40:55 UTC 2025,2603:3024:18c5:100:7453:907:2094:2f8a,"Mozilla/5.0 (Macintosh; Intel Mac OS X 10_15_7) AppleWebKit/537.36 (KHTML, like Gecko) Chrome/142.0.0.0 Safari/537.36",United States,TWO_STEP_VERIFICATION
Wed Dec 03 00:41:08 UTC 2025,2603:3024:18c5:100:7453:907:2094:2f8a,"Mozilla/5.0 (Macintosh; Intel Mac OS X 10_15_7) AppleWebKit/537.36 (KHTML, like Gecko) Chrome/142.0.0.0 Safari/537.36",United States,TWO_STEP_VERIFICATION
Fri Dec 12 19:43:07 UTC 2025,2603:3024:18c5:100:5969:6bd5:6f6c:ceb3,"Mozilla/5.0 (Macintosh; Intel Mac OS X 10_15_7) AppleWebKit/537.36 (KHTML, like Gecko) Chrome/143.0.0.0 Safari/537.36",United States,LINKEDIN_APP_CHALLENGE
Fri Dec 12 19:43:13 UTC 2025,2603:3024:18c5:100:5969:6bd5:6f6c:ceb3,"Mozilla/5.0 (Macintosh; Intel Mac OS X 10_15_7) AppleWebKit/537.36 (KHTML, like Gecko) Chrome/143.0.0.0 Safari/537.36",United States,LINKEDIN_APP_CHALLENGE
Fri Dec 12 19:43:15 UTC 2025,2603:3024:18c5:100:5969:6bd5:6f6c:ceb3,"Mozilla/5.0 (Macintosh; Intel Mac OS X 10_15_7) AppleWebKit/537.36 (KHTML, like Gecko) Chrome/143.0.0.0 Safari/537.36",United States,TWO_STEP_VERIFICATION
Fri Dec 12 19:43:15 UTC 2025,2603:3024:18c5:100:5969:6bd5:6f6c:ceb3,"Mozilla/5.0 (Macintosh; Intel Mac OS X 10_15_7) AppleWebKit/537.36 (KHTML, like Gecko) Chrome/143.0.0.0 Safari/537.36",United States,TWO_STEP_VERIFICATION
Fri Dec 12 19:43:37 UTC 2025,2603:3024:18c5:100:5969:6bd5:6f6c:ceb3,"Mozilla/5.0 (Macintosh; Intel Mac OS X 10_15_7) AppleWebKit/537.36 (KHTML, like Gecko) Chrome/143.0.0.0 Safari/537.36",United States,TWO_STEP_VERIFICATION
Thu Jan 08 02:36:25 UTC 2026,2a04:4e41:6401:2bb0:0:0:5dd6:7bb0,"Mozilla/5.0 (iPhone; CPU iPhone OS 18_7 like Mac OS X) AppleWebKit/605.1.15 (KHTML, like Gecko) Version/26.1 Mobile/15E148 Safari/604.1",Unknown,LINKEDIN_APP_CHALLENGE
Thu Jan 08 02:36:31 UTC 2026,2607:fb90:9f2c:869c:7570:a92d:6bfc:923d,"Mozilla/5.0 (iPhone; CPU iPhone OS 18_7 like Mac OS X) AppleWebKit/605.1.15 (KHTML, like Gecko) Mobile/15E148 [LinkedInApp]/9.31.7374",United States,LINKEDIN_APP_CHALLENGE
Thu Jan 08 02:36:33 UTC 2026,2607:fb90:9f2c:869c:7570:a92d:6bfc:923d,"Mozilla/5.0 (iPhone; CPU iPhone OS 18_7 like Mac OS X) AppleWebKit/605.1.15 (KHTML, like Gecko) Mobile/15E148 [LinkedInApp]/9.31.7374",United States,LINKEDIN_APP_CHALLENGE
Thu Jan 08 02:36:35 UTC 2026,2a04:4e41:6401:2bb0:0:0:5dd6:7bb0,"Mozilla/5.0 (iPhone; CPU iPhone OS 18_7 like Mac OS X) AppleWebKit/605.1.15 (KHTML, like Gecko) Version/26.1 Mobile/15E148 Safari/604.1",Unknown,LINKEDIN_APP_CHALLENGE
Fri Jan 16 00:46:53 UTC 2026,2607:fb90:9e3e:88cc:95d7:8263:d171:4d46,LIAuthLibrary:44.0.* com.linkedin.LinkedIn:9.31.7644 iPhone:26.1,United States,REHAB_RESTRICTION_CHALLENGE
Fri Jan 16 00:46:53 UTC 2026,2607:fb90:9e3e:88cc:95d7:8263:d171:4d46,LIAuthLibrary:44.0.* com.linkedin.LinkedIn:9.31.7644 iPhone:26.1,United States,REHAB_RESTRICTION_CHALLENGE
Fri Jan 16 00:47:47 UTC 2026,2607:fb90:9e3e:88cc:95d7:8263:d171:4d46,LIAuthLibrary:44.0.* com.linkedin.LinkedIn:9.31.7644 iPhone:26.1,United States,REHAB_RESTRICTION_CHALLENGE
Fri Jan 16 00:47:47 UTC 2026,2607:fb90:9e3e:88cc:95d7:8263:d171:4d46,LIAuthLibrary:44.0.* com.linkedin.LinkedIn:9.31.7644 iPhone:26.1,United States,REHAB_RESTRICTION_CHALLENGE
Fri Jan 16 00:47:50 UTC 2026,2607:fb90:9e3e:88cc:95d7:8263:d171:4d46,LIAuthLibrary:44.0.* com.linkedin.LinkedIn:9.31.7644 iPhone:26.1,United States,REHAB_RESTRICTION_CHALLENGE
Sat Jan 17 08:56:35 UTC 2026,2603:3024:18c5:100:9504:c2:6be:b1a9,"Mozilla/5.0 (iPhone; CPU iPhone OS 18_7 like Mac OS X) AppleWebKit/605.1.15 (KHTML, like Gecko) Mobile/23B85 Instagram 412.0.0.17.89 (iPhone16,2; iOS 26_1; en_US; en; scale=3.00; 1290x2796; IABMV/1; 859471633) NW/3 Safari/604.1",United States,LINKEDIN_APP_CHALLENGE
Sat Jan 17 08:56:38 UTC 2026,2603:3024:18c5:100:9504:c2:6be:b1a9,"Mozilla/5.0 (iPhone; CPU iPhone OS 18_7 like Mac OS X) AppleWebKit/605.1.15 (KHTML, like Gecko) Mobile/23B85 Instagram 412.0.0.17.89 (iPhone16,2; iOS 26_1; en_US; en; scale=3.00; 1290x2796; IABMV/1; 859471633) NW/3 Safari/604.1",United States,LINKEDIN_APP_CHALLENGE
Sat Jan 17 08:56:40 UTC 2026,2603:3024:18c5:100:9504:c2:6be:b1a9,"Mozilla/5.0 (iPhone; CPU iPhone OS 18_7 like Mac OS X) AppleWebKit/605.1.15 (KHTML, like Gecko) Mobile/23B85 Instagram 412.0.0.17.89 (iPhone16,2; iOS 26_1; en_US; en; scale=3.00; 1290x2796; IABMV/1; 859471633) NW/3 Safari/604.1",United States,TWO_STEP_VERIFICATION
Sat Jan 17 08:56:40 UTC 2026,2603:3024:18c5:100:9504:c2:6be:b1a9,"Mozilla/5.0 (iPhone; CPU iPhone OS 18_7 like Mac OS X) AppleWebKit/605.1.15 (KHTML, like Gecko) Mobile/23B85 Instagram 412.0.0.17.89 (iPhone16,2; iOS 26_1; en_US; en; scale=3.00; 1290x2796; IABMV/1; 859471633) NW/3 Safari/604.1",United States,TWO_STEP_VERIFICATION
Sat Jan 17 08:56:57 UTC 2026,2603:3024:18c5:100:9504:c2:6be:b1a9,"Mozilla/5.0 (iPhone; CPU iPhone OS 18_7 like Mac OS X) AppleWebKit/605.1.15 (KHTML, like Gecko) Mobile/23B85 Instagram 412.0.0.17.89 (iPhone16,2; iOS 26_1; en_US; en; scale=3.00; 1290x2796; IABMV/1; 859471633) NW/3 Safari/604.1",United States,TWO_STEP_VERIFICATION
Sun Jan 18 09:00:03 UTC 2026,2603:3024:18c5:100:f03e:3fbb:c4d6:a5b2,"Mozilla/5.0 (Macintosh; Intel Mac OS X 10_15_7) AppleWebKit/537.36 (KHTML, like Gecko) Chrome/143.0.0.0 Safari/537.36",United States,LINKEDIN_APP_CHALLENGE
Sun Jan 18 09:00:03 UTC 2026,2603:3024:18c5:100:f03e:3fbb:c4d6:a5b2,"Mozilla/5.0 (Macintosh; Intel Mac OS X 10_15_7) AppleWebKit/537.36 (KHTML, like Gecko) Chrome/143.0.0.0 Safari/537.36",United States,LINKEDIN_APP_CHALLENGE
Wed Jan 21 08:51:35 UTC 2026,2603:3024:18c5:100:5c8d:1f05:64a9:f756,"Mozilla/5.0 (Macintosh; Intel Mac OS X 10_15_7) AppleWebKit/537.36 (KHTML, like Gecko) Chrome/133.0.0.0 Safari/537.36",United States,LINKEDIN_APP_CHALLENGE
Wed Jan 21 08:52:01 UTC 2026,2603:3024:18c5:100:20c2:63f6:7923:4f61,"Mozilla/5.0 (iPhone; CPU iPhone OS 18_7 like Mac OS X) AppleWebKit/605.1.15 (KHTML, like Gecko) Mobile/15E148 [LinkedInApp]/9.31.7644.2",United States,LINKEDIN_APP_CHALLENGE
Wed Jan 21 08:52:03 UTC 2026,2603:3024:18c5:100:20c2:63f6:7923:4f61,"Mozilla/5.0 (iPhone; CPU iPhone OS 18_7 like Mac OS X) AppleWebKit/605.1.15 (KHTML, like Gecko) Mobile/15E148 [LinkedInApp]/9.31.7644.2",United States,LINKEDIN_APP_CHALLENGE
Wed Jan 21 08:52:06 UTC 2026,2603:3024:18c5:100:5c8d:1f05:64a9:f756,"Mozilla/5.0 (Macintosh; Intel Mac OS X 10_15_7) AppleWebKit/537.36 (KHTML, like Gecko) Chrome/133.0.0.0 Safari/537.36",United States,LINKEDIN_APP_CHALLENGE
Wed Jan 21 09:40:32 UTC 2026,2603:3024:18c5:100:5c8d:1f05:64a9:f756,"Mozilla/5.0 (Macintosh; Intel Mac OS X 10_15_7) AppleWebKit/537.36 (KHTML, like Gecko) Chrome/133.0.0.0 Safari/537.36",United States,LINKEDIN_APP_CHALLENGE
Wed Jan 21 09:40:35 UTC 2026,2603:3024:18c5:100:20c2:63f6:7923:4f61,"Mozilla/5.0 (iPhone; CPU iPhone OS 18_7 like Mac OS X) AppleWebKit/605.1.15 (KHTML, like Gecko) Mobile/15E148 [LinkedInApp]/9.31.7644.2",United States,LINKEDIN_APP_CHALLENGE
Wed Jan 21 09:40:37 UTC 2026,2603:3024:18c5:100:20c2:63f6:7923:4f61,"Mozilla/5.0 (iPhone; CPU iPhone OS 18_7 like Mac OS X) AppleWebKit/605.1.15 (KHTML, like Gecko) Mobile/15E148 [LinkedInApp]/9.31.7644.2",United States,LINKEDIN_APP_CHALLENGE
Wed Jan 21 09:40:39 UTC 2026,2603:3024:18c5:100:5c8d:1f05:64a9:f756,"Mozilla/5.0 (Macintosh; Intel Mac OS X 10_15_7) AppleWebKit/537.36 (KHTML, like Gecko) Chrome/133.0.0.0 Safari/537.36",United States,LINKEDIN_APP_CHALLENGE
Wed Jan 21 10:33:35 UTC 2026,2603:3024:18c5:100:5c8d:1f05:64a9:f756,"Mozilla/5.0 (Macintosh; Intel Mac OS X 10_15_7) AppleWebKit/537.36 (KHTML, like Gecko) Chrome/143.0.0.0 Safari/537.36",United States,LINKEDIN_APP_CHALLENGE
Wed Jan 21 10:33:42 UTC 2026,2603:3024:18c5:100:20c2:63f6:7923:4f61,"Mozilla/5.0 (iPhone; CPU iPhone OS 18_7 like Mac OS X) AppleWebKit/605.1.15 (KHTML, like Gecko) Mobile/15E148 [LinkedInApp]/9.31.7644.2",United States,LINKEDIN_APP_CHALLENGE
Wed Jan 21 10:33:44 UTC 2026,2603:3024:18c5:100:20c2:63f6:7923:4f61,"Mozilla/5.0 (iPhone; CPU iPhone OS 18_7 like Mac OS X) AppleWebKit/605.1.15 (KHTML, like Gecko) Mobile/15E148 [LinkedInApp]/9.31.7644.2",United States,LINKEDIN_APP_CHALLENGE
Wed Jan 21 10:33:45 UTC 2026,2603:3024:18c5:100:5c8d:1f05:64a9:f756,"Mozilla/5.0 (Macintosh; Intel Mac OS X 10_15_7) AppleWebKit/537.36 (KHTML, like Gecko) Chrome/143.0.0.0 Safari/537.36",United States,LINKEDIN_APP_CHALLENGE
Thu Jan 22 07:36:00 UTC 2026,2603:3024:18c5:100:7552:e1f1:13f6:4bbe,"Mozilla/5.0 (Macintosh; Intel Mac OS X 10_15_7) AppleWebKit/537.36 (KHTML, like Gecko) Chrome/143.0.0.0 Safari/537.36",United States,LINKEDIN_APP_CHALLENGE
Thu Jan 22 07:36:05 UTC 2026,2603:3024:18c5:100:4da:bf95:e0a3:49b7,"Mozilla/5.0 (iPhone; CPU iPhone OS 18_7 like Mac OS X) AppleWebKit/605.1.15 (KHTML, like Gecko) Mobile/15E148 [LinkedInApp]/9.31.7644.2",United States,LINKEDIN_APP_CHALLENGE
Thu Jan 22 07:36:06 UTC 2026,2603:3024:18c5:100:4da:bf95:e0a3:49b7,"Mozilla/5.0 (iPhone; CPU iPhone OS 18_7 like Mac OS X) AppleWebKit/605.1.15 (KHTML, like Gecko) Mobile/15E148 [LinkedInApp]/9.31.7644.2",United States,LINKEDIN_APP_CHALLENGE
Thu Jan 22 07:36:07 UTC 2026,2603:3024:18c5:100:7552:e1f1:13f6:4bbe,"Mozilla/5.0 (Macintosh; Intel Mac OS X 10_15_7) AppleWebKit/537.36 (KHTML, like Gecko) Chrome/143.0.0.0 Safari/537.36",United States,LINKEDIN_APP_CHALLENGE
Thu Jan 22 07:48:35 UTC 2026,2603:3024:18c5:100:7552:e1f1:13f6:4bbe,"Mozilla/5.0 (Macintosh; Intel Mac OS X 10_15_7) AppleWebKit/537.36 (KHTML, like Gecko) Chrome/143.0.0.0 Safari/537.36",United States,LINKEDIN_APP_CHALLENGE
Thu Jan 22 07:48:37 UTC 2026,2603:3024:18c5:100:1cec:7fb:ab8a:5c4b,"Mozilla/5.0 (iPhone; CPU iPhone OS 18_7 like Mac OS X) AppleWebKit/605.1.15 (KHTML, like Gecko) Mobile/15E148 [LinkedInApp]/9.31.7644.2",United States,LINKEDIN_APP_CHALLENGE
Thu Jan 22 07:48:39 UTC 2026,2603:3024:18c5:100:1cec:7fb:ab8a:5c4b,"Mozilla/5.0 (iPhone; CPU iPhone OS 18_7 like Mac OS X) AppleWebKit/605.1.15 (KHTML, like Gecko) Mobile/15E148 [LinkedInApp]/9.31.7644.2",United States,LINKEDIN_APP_CHALLENGE
Thu Jan 22 07:48:42 UTC 2026,2603:3024:18c5:100:7552:e1f1:13f6:4bbe,"Mozilla/5.0 (Macintosh; Intel Mac OS X 10_15_7) AppleWebKit/537.36 (KHTML, like Gecko) Chrome/143.0.0.0 Safari/537.36",United States,LINKEDIN_APP_CHALLENGE
Sun Jan 25 00:14:55 UTC 2026,2603:3024:18c5:100:588a:e9ec:118:ec86,"Mozilla/5.0 (Macintosh; Intel Mac OS X 10_15_7) AppleWebKit/537.36 (KHTML, like Gecko) Chrome/144.0.0.0 Safari/537.36",United States,LINKEDIN_APP_CHALLENGE
Sun Jan 25 00:15:01 UTC 2026,2607:fb90:9e14:4c1b:9861:9301:df2e:d531,"Mozilla/5.0 (iPhone; CPU iPhone OS 18_7 like Mac OS X) AppleWebKit/605.1.15 (KHTML, like Gecko) Mobile/15E148 [LinkedInApp]/9.31.7820.2",United States,LINKEDIN_APP_CHALLENGE
Sun Jan 25 00:15:02 UTC 2026,2607:fb90:9e14:4c1b:9861:9301:df2e:d531,"Mozilla/5.0 (iPhone; CPU iPhone OS 18_7 like Mac OS X) AppleWebKit/605.1.15 (KHTML, like Gecko) Mobile/15E148 [LinkedInApp]/9.31.7820.2",United States,LINKEDIN_APP_CHALLENGE
Sun Jan 25 00:15:05 UTC 2026,2603:3024:18c5:100:588a:e9ec:118:ec86,"Mozilla/5.0 (Macintosh; Intel Mac OS X 10_15_7) AppleWebKit/537.36 (KHTML, like Gecko) Chrome/144.0.0.0 Safari/537.36",United States,LINKEDIN_APP_CHALLENGE
